index,Address,Type,Datetime,Latitude,Longitude,Report Location,Incident Number
633297,500 5th Av,Aid Response,07/28/2017 12:35:00 PM +0000,47.602985,-122.328535,"(47.602985, -122.328535)",F170076262
637045,3027 Cascadia Av S,Aid Response,08/09/2017 05:30:00 PM +0000,47.57708,-122.28465,"(47.57708, -122.28465)",F170081626
160973,11 W Aloha St,Medic Response,07/23/2012 02:39:00 PM +0000,47.627192,-122.35682299999999,"(47.627192, -122.356823)",F120067812
420390,1522 Post Al,Medic Response,05/20/2015 05:17:00 AM +0000,47.608981,-122.34093899999999,"(47.608981, -122.340939)",F150054182
69391,9242 35th Av Sw,Unk Odor,01/01/2011 10:37:00 AM +0000,47.52069,-122.376774,"(47.52069, -122.376774)",F110000141
334747,2717 Dexter Av N,Medic Response,07/01/2014 02:27:00 PM +0000,47.644371,-122.34691299999999,"(47.644371, -122.346913)",F140068480
160429,4062 Letitia Av S,Medic Response,07/21/2012 07:28:00 AM +0000,47.566772,-122.28988700000001,"(47.566772, -122.289887)",F120067022
205561,Brooklyn Av Ne / Ne 41st St,Aid Response,01/25/2013 01:44:00 AM +0000,47.656848,-122.314402,"(47.656848, -122.314402)",F130008394
95796,2008 Westlake Av,Aid Response,08/07/2010 07:27:00 AM +0000,47.615007,-122.337781,0,0
706525,8631 39th Av S,Wires Down,04/14/2018 04:35:00 AM +0000,47.525735,-122.28368999999999,"(47.525735, -122.28369)",F180037130
96452,920 N 74th St,Medic Response,08/04/2010 07:48:00 AM +0000,47.682569,-122.34624,0,0
263339,5000 Renton Av S,Aid Response,09/09/2013 04:34:00 AM +0000,47.556616,-122.288822,"(47.556616, -122.288822)",F130091209
391118,756 John St,Aid Response,01/26/2015 06:17:00 PM +0000,47.619719,-122.342229,"(47.619719, -122.342229)",F150009486
391899,11100 Roosevelt Way Ne,Aid Response,01/30/2015 04:01:00 AM +0000,47.709352,-122.31786399999999,"(47.709352, -122.317864)",F150010833
195043,720 Olive Way,Aid Response,12/12/2012 03:17:00 AM +0000,47.613690000000005,-122.334946,"(47.61369, -122.334946)",F120117584
337921,7125 Fauntleroy Way Sw,Aid Response,07/11/2014 06:04:00 PM +0000,47.539419,-122.39081599999999,"(47.539419, -122.390816)",F140073092
392212,38th Av S / S Myrtle St,Aid Response,01/30/2015 09:20:00 PM +0000,47.538882,-122.284099,"(47.538882, -122.284099)",F150011084
180925,4639 S Austin St,Trans to AMR,10/11/2012 02:53:00 PM +0000,47.534702,-122.274798,"(47.534702, -122.274798)",F120096986
427731,10515 35th Av Ne,Aid Response,06/13/2015 11:16:00 PM +0000,47.704886,-122.290872,"(47.704886, -122.290872)",F150064592
643395,400 Pine St,Aid Response,08/30/2017 09:19:00 PM +0000,47.611207,-122.33759199999999,"(47.611207, -122.337592)",F170090008
649587,9262 Rainier Av S,Aid Response,09/19/2017 12:52:00 PM +0000,47.519853000000005,-122.26836399999999,"(47.519853, -122.268364)",F170097707
41857,318 2nd Av Et  S,Aid Response,05/19/2011 10:54:00 AM +0000,47.600194,-122.330541,"(47.600194, -122.330541)",F110043310
200410,9621 58th Av S,Aid Response,01/03/2013 04:05:00 AM +0000,47.516453999999996,-122.26080400000001,"(47.516454, -122.260804)",F130000685
31161,7049 16th Av Ne,Aid Response,07/26/2011 08:21:00 PM +0000,47.679702,-122.310938,"(47.679702, -122.310938)",F110067913
585798,8732 Rainier Av S,Aid Response,12/31/2016 12:34:00 AM +0000,47.525216,-122.26998400000001,"(47.525216, -122.269984)",F160143590
95325,610 Harvard Av E,Auto Fire Alarm,08/09/2010 07:26:00 AM +0000,47.624349,-122.32198899999999,0,0
700358,Eastern Av N / N 40th St,Aid Response,03/21/2018 02:55:00 PM +0000,47.655558,-122.329051,"(47.655558, -122.329051)",F180028968
617386,9455 27th Av Sw,Automatic Medical Alarm,06/04/2017 01:14:00 PM +0000,47.518178000000006,-122.367277,"(47.518178, -122.367277)",F170055007
543596,3551 Sw Ida St,Aid Response,08/02/2016 07:30:00 PM +0000,47.53411,-122.377292,"(47.53411, -122.377292)",F160088767
510784,12505 Greenwood Av N,Aid Response,04/09/2016 09:48:00 PM +0000,47.719638,-122.355539,"(47.719638, -122.355539)",F160039946
75956,3003 Ne 75th St,Medic Response,11/29/2010 10:32:00 PM +0000,47.683048,-122.295852,"(47.683048, -122.295852)",0
11260,421 1ST AV S,Medic Response,10/02/2011 08:51:00 AM +0000,47.599009,-122.334189,0,F110091809
658823,1539 S Dawson St,Medic Response,10/23/2017 02:47:00 PM +0000,47.555623,-122.312878,"(47.555623, -122.312878)",F170110293
518161,8504 Wallingford Av N,Auto Fire Alarm,05/09/2016 03:37:00 AM +0000,47.690519,-122.33644,"(47.690519, -122.33644)",F160052678
102385,Nb I5 Exp Fr Mercer,Motor Vehicle Accident Freeway,07/05/2010 02:00:00 AM +0000,47.628157,-122.32805,0,0
46496,5228 25th Av Sw,Medic Response,04/27/2011 09:58:00 PM +0000,47.55493,-122.36428500000001,"(47.55493, -122.364285)",F110036402
213905,547 Ne 127th St,Medic Response,03/01/2013 03:00:00 PM +0000,47.721292,-122.32200300000001,"(47.721292, -122.322003)",F130020405
753915,1046 1st Av S,Auto Fire Alarm,09/23/2018 11:40:00 AM +0000,47.593232,-122.334194,"(47.593232, -122.334194)",F180100768
718538,3rd Av / Madison St,Aid Response,05/26/2018 02:53:00 PM +0000,47.605624,-122.334019,"(47.605624, -122.334019)",F180053807
301241,860 Terry Av N,Aid Response,02/16/2014 05:54:00 AM +0000,47.627367,-122.337108,"(47.627367, -122.337108)",F140017093
709011,4749 University Way Ne,Medic Response,04/23/2018 04:02:00 AM +0000,47.663383,-122.313097,"(47.663383, -122.313097)",F180040173
382999,747 N 135th St,Aid Response,12/24/2014 06:24:00 PM +0000,47.726864,-122.34801200000001,"(47.726864, -122.348012)",F140139312
633494,1521 Nw 54th St,Rescue Elevator,07/28/2017 02:58:00 PM +0000,47.667891,-122.37648600000001,"(47.667891, -122.376486)",F170076319
5311,5215 46th Av S,Auto Fire Alarm,10/15/2011 10:54:00 PM +0000,47.555096999999996,-122.27537,0,F110096173
69769,2005 Broadway E,Automatic Fire Alarm Resd,12/31/2010 01:51:00 AM +0000,47.637279,-122.32135600000001,"(47.637279, -122.321356)",F100120141
43045,3008 NE 127TH ST,Aid Response,05/14/2011 03:35:00 AM +0000,47.721092,-122.296158,"(47.721092, -122.296158)",F110041579
10027,Lake City Way Ne / Ne 137th St,Aid Response,10/03/2011 12:51:00 PM +0000,47.728288,-122.29225,0,F110092032
237733,13257 3rd Av Nw,Illegal Burn,06/05/2013 12:38:00 AM +0000,47.725483000000004,-122.360946,"(47.725483, -122.360946)",F130054323
257884,6334 Rainier Av S,Aid Response,08/19/2013 07:59:00 AM +0000,47.54586,-122.275769,"(47.54586, -122.275769)",F130083416
753265,5427 Beach Dr Sw,Aid Response,09/21/2018 05:07:00 PM +0000,47.553979,-122.399267,"(47.553979, -122.399267)",F180100161
688489,800 S Cloverdale St,Medic Response,02/07/2018 03:04:00 AM +0000,47.526465,-122.32291599999999,"(47.526465, -122.322916)",F180013657
466188,1265 S Main St,Medic Response,10/26/2015 09:21:00 PM +0000,47.600008,-122.31553899999999,"(47.600008, -122.315539)",F150123166
509456,2614 4th Av,Medic Response,04/09/2016 09:00:00 AM +0000,47.617315999999995,-122.347229,"(47.617316, -122.347229)",F160039731
484945,11302 12th Av Ne,Aid Response,01/04/2016 07:03:00 PM +0000,47.710436,-122.315192,"(47.710436, -122.315192)",F160001382
331110,1425 4th Av,Automatic Fire Alarm False,06/17/2014 08:10:00 PM +0000,47.609464,-122.33599699999999,"(47.609464, -122.335997)",F140062850
771989,1752 Nw 62nd St,Activated CO Detector,11/30/2018 08:24:00 PM +0000,47.673823,-122.37943700000001,"(47.673823, -122.379437)",F180125621
771741,1010 Valley St,Aid Response,11/28/2018 04:55:00 PM +0000,47.625789000000005,-122.336998,"(47.625789, -122.336998)",F180124873
440011,4727 Denver Av S,Auto Fire Alarm,07/28/2015 11:44:00 PM +0000,47.561555,-122.33464099999999,"(47.561555, -122.334641)",F150084804
86517,500 Pine St,Auto Fire Alarm,09/29/2010 07:54:00 AM +0000,47.611672,-122.33648400000001,0,0
645682,4412 Rainier Av S,Aid Response,09/06/2017 08:49:00 PM +0000,47.563939000000005,-122.28814299999999,"(47.563939, -122.288143)",F170092816
116486,1706 Nw Market St,Aid Response,01/11/2012 01:54:00 AM +0000,47.668671,-122.37895900000001,"(47.668671, -122.378959)",F120002901
660310,122 S Washington St,Aid Response,10/29/2017 07:15:00 PM +0000,47.600883,-122.333584,"(47.600883, -122.333584)",F170112642
257654,3402 Nw 64th St,Aid Response,08/18/2013 11:49:00 AM +0000,47.67485,-122.401082,"(47.67485, -122.401082)",F130083092
397388,8502 Aurora Av N,Aid Response,02/22/2015 04:58:00 PM +0000,47.69057,-122.344522,"(47.69057, -122.344522)",F150019714
457360,1417 3rd Av,Aid Response,09/25/2015 03:03:00 AM +0000,47.608918,-122.337033,"(47.608918, -122.337033)",F150110150
36369,3rd Av / Pine St,Aid Response,06/17/2011 08:52:00 PM +0000,47.610743,-122.338702,"(47.610743, -122.338702)",F110053786
664968,4544 7th Av Ne,Aid Response,11/15/2017 04:54:00 AM +0000,47.662003999999996,-122.320724,"(47.662004, -122.320724)",F170118697
139314,2519 1st Av,Electrical Problem,04/24/2012 12:42:00 AM +0000,47.614798,-122.348918,"(47.614798, -122.348918)",F120036367
113713,4846 51st Av Sw,Illegal Burn,12/28/2011 03:31:00 AM +0000,47.558684,-122.397623,"(47.558684, -122.397623)",F110119008
79019,326 30th Av S,Medic Response,11/15/2010 10:12:00 PM +0000,47.599977,-122.29378700000001,0,0
403018,9309 Aurora Av N,Medic Response,03/16/2015 03:39:00 AM +0000,47.696419,-122.34459199999999,"(47.696419, -122.344592)",F150028319
644020,5th Av / Pine St,Aid Response,09/01/2017 11:11:00 PM +0000,47.611672,-122.33648400000001,"(47.611672, -122.336484)",F170090836
359988,5433 Leary Av Nw,Aid Response,09/29/2014 01:35:00 AM +0000,47.668015000000004,-122.38371200000002,"(47.668015, -122.383712)",F140106151
86598,2209 1st Av,Aid Response,09/29/2010 07:30:00 AM +0000,47.612669,-122.34531899999999,0,0
487935,E Olive Way / Bellevue Av,Aid Response,01/15/2016 05:20:00 PM +0000,47.617077,-122.32682,"(47.617077, -122.32682)",F160005834
538004,9th Av / Columbia St,Aid Response,07/15/2016 04:18:00 AM +0000,47.606982,-122.32605600000001,"(47.606982, -122.326056)",F160081683
136892,12507 Greenwood Av N,Automatic Medical Alarm,04/12/2012 08:01:00 PM +0000,47.719656,-122.355539,"(47.719656, -122.355539)",F120032609
33202,318 2nd Av Et  S,Medic Response,07/05/2011 02:22:00 AM +0000,47.600194,-122.330541,"(47.600194, -122.330541)",F110060248
478030,1st Av / Cedar St,Aid Response,12/08/2015 08:43:00 PM +0000,47.615802,-122.35061599999999,"(47.615802, -122.350616)",F150140343
202867,1811 10th Av W,Aid Response,01/13/2013 02:32:00 PM +0000,47.634865000000005,-122.37036599999999,"(47.634865, -122.370366)",F130004635
566670,Ne 137th St / Lake City Way Ne,Aid Response,10/23/2016 01:13:00 PM +0000,47.728288,-122.29225,"(47.728288, -122.29225)",F160119437
73259,1700 17th Av,Aid Response,12/12/2010 07:14:00 PM +0000,47.616443,-122.310151,"(47.616443, -122.310151)",F100114462
381978,6200 Corson Av S,Aid Response,12/22/2014 03:48:00 PM +0000,47.547503000000006,-122.32143899999998,"(47.547503, -122.321439)",F140138491
689215,823 W Fulton St,Aid Response,02/08/2018 08:12:00 PM +0000,47.645859,-122.36841299999999,"(47.645859, -122.368413)",F180014322
329242,318 2nd Av Et  S,Medic Response,06/10/2014 04:37:00 AM +0000,47.6002,-122.330547,"(47.6002, -122.330547)",F140059800
8147,13029 Corliss Av N,Aid Response,10/04/2011 03:35:00 AM +0000,47.723358000000005,-122.33155,0,F110092389
104596,7343 35th Av S,Medic Response,11/15/2011 06:08:00 AM +0000,47.536379,-122.288523,"(47.536379, -122.288523)",F110105827
332008,4502 42nd Av Sw,Auto Fire Alarm,06/21/2014 07:58:00 PM +0000,47.562857,-122.38545500000001,"(47.562857, -122.385455)",F140064478
381435,3307 S Orcas St,Hang-Up- Aid,12/18/2014 03:20:00 PM +0000,47.551043,-122.290397,"(47.551043, -122.290397)",F140137056
365473,722 N 143rd St,Aid Response,10/20/2014 02:49:00 AM +0000,47.732314,-122.350182,"(47.732314, -122.350182)",F140114633
12357,201 Garfield St,Auto Fire Alarm,10/01/2011 08:28:00 PM +0000,47.633163,-122.353202,0,F110091610
227099,3001 S Myrtle St,Aid Response,04/24/2013 06:29:00 AM +0000,47.538902,-122.293225,"(47.538902, -122.293225)",F130039057
467286,7737 Earl Av Nw,Aid Response,10/30/2015 04:02:00 AM +0000,47.685163,-122.391921,"(47.685163, -122.391921)",F150124477
423891,12300 33rd Av Ne,Aid Response,05/31/2015 07:56:00 PM +0000,47.717343,-122.292781,"(47.717343, -122.292781)",F150058803
241560,510 N 41st St,Aid Response,06/18/2013 07:09:00 PM +0000,47.656671,-122.35194399999999,"(47.656671, -122.351944)",F130059531
523466,9500 Rainier Av S,Aid Response,05/24/2016 02:49:00 PM +0000,47.520264000000005,-122.261582,"(47.520264, -122.261582)",F160059087
697881,4740 21st Av Ne,Aid Response,03/14/2018 03:52:00 AM +0000,47.663315000000004,-122.305458,"(47.663315, -122.305458)",F180025938
68993,6900 37th Av S,Auto Fire Alarm,01/03/2011 07:40:00 AM +0000,47.540556,-122.286111,"(47.540556, -122.286111)",F110000713
590029,1732 16th Av,Trans to AMR,02/27/2017 09:14:00 AM +0000,47.616815,-122.311453,"(47.616815, -122.311453)",F170020285
662203,6th Av Nw / Holman Rd Nw,Aid Response,11/03/2017 03:24:00 PM +0000,47.701055,-122.36339199999999,"(47.701055, -122.363392)",F170114329
514871,7043 17th Av Ne,Aid Response Yellow,04/23/2016 05:42:00 PM +0000,47.679676,-122.30986599999999,"(47.679676, -122.309866)",F160045880
114837,450 Ne 100th St,Aid Response,01/02/2012 03:21:00 PM +0000,47.701329,-122.32368400000001,"(47.701329, -122.323684)",F120000415
135687,1201 Alaskan Way,Auto Fire Alarm,04/07/2012 03:13:00 PM +0000,47.605178,-122.339773,"(47.605178, -122.339773)",F120030826
148649,1519 5th Av W,Medic Response,06/02/2012 11:56:00 AM +0000,47.632548,-122.36370500000001,"(47.632548, -122.363705)",F120049708
38401,3621 41st Av W,Automatic Fire Alarm Resd,06/03/2011 09:51:00 PM +0000,47.652619,-122.40999,"(47.652619, -122.40999)",F110048944
729560,SB I5 EXP FR LAKE CITY,Medic Response Freeway,07/02/2018 05:39:00 AM +0000,47.682137,-122.318804,"(47.682137, -122.318804)",F180067934
281013,450 Ne 100th St,Aid Response,11/24/2013 10:22:00 PM +0000,47.701329,-122.32368400000001,"(47.701329, -122.323684)",F130118114
718520,11023 8th Av Ne,Aid Response,05/25/2018 11:58:00 AM +0000,47.708738000000004,-122.32056499999999,"(47.708738, -122.320565)",F180053399
666361,2030 3rd Av,Medic Response,11/18/2017 08:10:00 PM +0000,47.612626,-122.341277,"(47.612626, -122.341277)",F170121119
579929,111 Ne 45th St,Aid Response,12/09/2016 08:21:00 PM +0000,47.661359000000004,-122.328148,"(47.661359, -122.328148)",F160135817
703250,Rainier Av S / M L King Jr Way S,Aid Response,04/01/2018 06:01:00 PM +0000,47.576359000000004,-122.29663000000001,"(47.576359, -122.29663)",F180032761
530921,520 S Main St,Medic Response,06/20/2016 12:41:00 AM +0000,47.600034,-122.327396,"(47.600034, -122.327396)",F160071427
55279,6664 Corson Av S,Medic Response,03/16/2011 03:27:00 AM +0000,47.543807,-122.32263,"(47.543807, -122.32263)",F110023003
460449,2109 Nw 90th St,Aid Response,10/05/2015 06:05:00 PM +0000,47.694641,-122.382908,"(47.694641, -122.382908)",F150114468
181071,9347 52nd Av S,Medic Response,10/14/2012 11:51:00 AM +0000,47.519009000000004,-122.26738799999998,"(47.519009, -122.267388)",F120097894
148291,200 2nd Av N,Aid Response,06/01/2012 03:42:00 AM +0000,47.619759,-122.35283000000001,"(47.619759, -122.35283)",F120049240
591562,2307 24th Av E,Aid Response,03/03/2017 07:24:00 PM +0000,47.639575,-122.30208,"(47.639575, -122.30208)",F170021816
56565,1118 5th Av,Auto Fire Alarm,03/09/2011 09:25:00 AM +0000,47.60739,-122.33256399999999,"(47.60739, -122.332564)",F110020767
513013,5350 Tallman Av Nw,Aid Response,04/19/2016 03:12:00 PM +0000,47.667604,-122.380468,"(47.667604, -122.380468)",F160043866
582757,Ne 80th St / Roosevelt Way Ne,MVI - Motor Vehicle Incident,12/20/2016 09:25:00 AM +0000,47.686732,-122.317553,"(47.686732, -122.317553)",F160139773
42567,950 N 85th St,Aid Response,05/16/2011 06:05:00 AM +0000,47.690569,-122.346529,"(47.690569, -122.346529)",F110042287
309085,11301 3rd Av Ne,Aid Response,03/21/2014 03:18:00 PM +0000,47.71049,-122.326004,"(47.71049, -122.326004)",F140028423
695575,1812 N 57th St,Aid Response,03/03/2018 08:54:00 AM +0000,47.6709,-122.336055,"(47.6709, -122.336055)",F180022170
685198,5036 25th Av Ne,Aid Response,01/25/2018 10:30:00 PM +0000,47.665668,-122.300628,"(47.665668, -122.300628)",F180009398
460716,10001 57th Av S,Aid Response,10/06/2015 05:08:00 PM +0000,47.511868,-122.262064,"(47.511868, -122.262064)",F150114855
733240,901 Rainier Av S,Trans to AMR,07/13/2018 10:34:00 AM +0000,47.594356,-122.310367,"(47.594356, -122.310367)",F180072529
143155,22nd Av / E James St,Aid Response,05/10/2012 04:05:00 AM +0000,47.606877000000004,-122.30378400000001,"(47.606877, -122.303784)",F120041804
224224,1501 4th Av,Medic Response,04/12/2013 06:29:00 PM +0000,47.610214,-122.33668300000001,"(47.610214, -122.336683)",F130034837
437030,9009 Greenwood Av N,Aid Response,07/15/2015 01:39:00 AM +0000,47.69429,-122.35533999999998,"(47.69429, -122.35534)",F150078587
662650,5311 Phinney Av N,Aid Response,11/04/2017 04:51:00 AM +0000,47.667142999999996,-122.35441999999999,"(47.667143, -122.35442)",F170114556
431699,11301 3rd Av Ne,Trans to AMR,06/28/2015 01:21:00 AM +0000,47.71049,-122.326004,"(47.71049, -122.326004)",F150070618
365220,2001 E Yesler Way,Rescue Lock In/Out,10/19/2014 08:27:00 AM +0000,47.601673999999996,-122.306339,"(47.601674, -122.306339)",F140114340
225943,3815 Ne 113th St,Aid Response,04/19/2013 05:14:00 PM +0000,47.710146,-122.287821,"(47.710146, -122.287821)",F130037387
338201,N 85th St / Densmore Av N,Motor Vehicle Accident,07/12/2014 02:30:00 AM +0000,47.690512,-122.337953,"(47.690512, -122.337953)",F140073298
312676,127 22nd Av,Aid Response,04/05/2014 04:51:00 PM +0000,47.602211,-122.30373600000001,"(47.602211, -122.303736)",F140033947
703909,26th Av Sw / Sw Barton St,Aid Response,04/03/2018 04:17:00 PM +0000,47.521021999999995,-122.365894,"(47.521022, -122.365894)",F180033408
711442,2008 Westlake Av,Trans to AMR,05/06/2018 09:21:00 AM +0000,47.615007,-122.337781,"(47.615007, -122.337781)",F180045017
616173,521 S Weller St,Aid Response,06/01/2017 12:45:00 PM +0000,47.597516999999996,-122.327395,"(47.597517, -122.327395)",F170053788
337390,815 Ne 65th St,Illegal Burn,07/11/2014 05:40:00 AM +0000,47.67585,-122.319846,"(47.67585, -122.319846)",F140072947
8724,200 S Lander St,1RED 1 Unit,10/03/2011 08:29:00 PM +0000,47.579812,-122.331643,0,F110092260
636054,8801 Aurora Av N,Aid Response,08/05/2017 03:20:00 AM +0000,47.692737,-122.344548,"(47.692737, -122.344548)",F170079675
332852,333 Dexter Av N,Aid Response,06/24/2014 12:09:00 AM +0000,47.621269,-122.34237900000001,"(47.621269, -122.342379)",F140065364
49292,3821 S Thistle St,Medic Response,04/14/2011 10:12:00 AM +0000,47.527874,-122.284567,"(47.527874, -122.284567)",F110032166
175153,9728 Greenwood Av N,Medic Response,09/17/2012 06:39:00 PM +0000,47.699699,-122.355397,"(47.699699, -122.355397)",F120088631
243233,5402 39th Av W,Aid Response Yellow,06/25/2013 03:40:00 AM +0000,47.667766,-122.40903700000001,"(47.667766, -122.409037)",F130061923
492436,607 3rd Av,Auto Fire Alarm,02/02/2016 10:09:00 PM +0000,47.602813,-122.33144899999999,"(47.602813, -122.331449)",F160012612
631445,204 Ne 94th St,Trans to AMR,07/23/2017 01:56:00 AM +0000,47.69681,-122.327101,"(47.69681, -122.327101)",F170074150
85400,Aurora Av N / N 46th St,Aid Response,10/04/2010 08:00:00 AM +0000,47.662127000000005,-122.347248,0,0
595293,300 Ne Northgate Way,Rescue Elevator,03/17/2017 04:51:00 PM +0000,47.708611,-122.32595500000001,"(47.708611, -122.325955)",F170026623
129255,8151 7th Av Sw,Aid Response,03/09/2012 11:45:00 PM +0000,47.530101,-122.344219,"(47.530101, -122.344219)",F120021650
575665,1028 Ne 114th St,Aid Response,11/22/2016 09:11:00 PM +0000,47.711388,-122.31652,"(47.711388, -122.31652)",F160130054
472530,1722 NW MARKET ST,Aid Response,11/18/2015 09:32:00 PM +0000,47.668671,-122.379199,"(47.668671, -122.379199)",F150132445
610058,6200 33rd Av Ne,Aid Response,05/10/2017 07:47:00 AM +0000,47.673981,-122.292203,"(47.673981, -122.292203)",F170045529
749155,526 1st Av S,Auto Fire Alarm,09/05/2018 09:31:00 AM +0000,47.597475,-122.33419099999999,"(47.597475, -122.334191)",F180094238
49306,607 3rd Av,Aid Response,04/14/2011 07:16:00 AM +0000,47.602813,-122.33144899999999,"(47.602813, -122.331449)",F110032147
745665,300 Pine St,Auto Fire Alarm,08/24/2018 05:38:00 PM +0000,47.610743,-122.338702,"(47.610743, -122.338702)",F180090090
768013,7102 Woodlawn Av Ne,Medic Response,11/13/2018 06:58:00 PM +0000,47.679806,-122.324541,"(47.679806, -122.324541)",F180119834
81615,122 N 83rd St,Fuel Spill,10/22/2010 09:00:00 AM +0000,47.689112,-122.357679,0,0
302687,1530 3rd Av,Aid Response,02/22/2014 03:37:00 PM +0000,47.610044,-122.33806200000001,"(47.610044, -122.338062)",F140019283
49226,1318 E Remington Ct,4RED - 2 + 1 + 1,04/14/2011 06:35:00 PM +0000,47.605561,-122.31523500000002,"(47.605561, -122.315235)",F110032269
548975,624 S Washington St,Bark Fire,08/20/2016 07:22:00 AM +0000,47.600869,-122.325702,"(47.600869, -122.325702)",F160095921
432205,2121 26th Av S,Aid Response,06/29/2015 06:13:00 PM +0000,47.584234,-122.299024,"(47.584234, -122.299024)",F150071351
170420,1026 Ne 64th St,Aid Response,08/30/2012 01:03:00 AM +0000,47.674979,-122.31713899999998,"(47.674979, -122.317139)",F120081812
466927,Stone Av N / N 107th St,Aid Response,10/29/2015 12:46:00 PM +0000,47.706886,-122.34203600000001,"(47.706886, -122.342036)",F150124138
180932,6th Av S / S Forest St,Motor Vehicle Accident,10/11/2012 11:01:00 PM +0000,47.577725,-122.325978,"(47.577725, -122.325978)",F120097117
35065,4th Av / Marion St,Aid Response,06/26/2011 08:37:00 PM +0000,47.605374,-122.33225700000001,"(47.605374, -122.332257)",F110057356
200662,7500 Seward Park Av S,Medic Response,01/04/2013 08:10:00 PM +0000,47.535387,-122.267284,"(47.535387, -122.267284)",F130001186
703870,13000 Lake City Way Ne,Aid Response,04/02/2018 10:52:00 PM +0000,47.722899,-122.293194,"(47.722899, -122.293194)",F180033153
534207,12505 Greenwood Av N,Trans to AMR,07/02/2016 06:43:00 AM +0000,47.719638,-122.355539,"(47.719638, -122.355539)",F160076636
579057,300 Pine St,Aid Response,12/06/2016 08:00:00 PM +0000,47.610743,-122.338702,"(47.610743, -122.338702)",F160134748
462944,3218 Whalley Pl W,Aid Response Yellow,10/13/2015 07:39:00 PM +0000,47.648818,-122.39082900000001,"(47.648818, -122.390829)",F150117929
81328,Yale Av N / Harrison St,Aid Response,10/24/2010 07:26:00 AM +0000,47.621972,-122.33042900000001,0,0
490961,3720 15th Av Ne,Auto Fire Alarm,01/29/2016 09:14:00 PM +0000,47.651899,-122.31364099999999,"(47.651899, -122.313641)",F160011115
511352,Maynard Al S / S King St,Medic Response- 7 per Rule,04/13/2016 04:31:00 AM +0000,47.598351,-122.324404,"(47.598351, -122.324404)",F160041312
393622,2105 5th Av,Aid Response,02/06/2015 05:08:00 PM +0000,47.614527,-122.34052700000001,"(47.614527, -122.340527)",F150013668
598253,10th Av S / S Dearborn St,1RED 1 Unit,03/27/2017 02:25:00 PM +0000,47.595825,-122.31921499999999,"(47.595825, -122.319215)",F170029856
184603,401 Ne Northgate Way,Trans to AMR,10/28/2012 04:54:00 AM +0000,47.708602,-122.32458799999999,"(47.708602, -122.324588)",F120102639
202346,15th Av Ne / Ne 42nd St,Aid Response,01/11/2013 03:59:00 PM +0000,47.658301,-122.312071,"(47.658301, -122.312071)",F130003927
131759,8361 29th Av Nw,Aid Response,03/21/2012 02:58:00 AM +0000,47.690321999999995,-122.394401,"(47.690322, -122.394401)",F120025190
760854,22nd Av Ne / Ne 46th St,Natural Gas Odor,10/20/2018 01:39:00 PM +0000,47.661806,-122.30465600000001,"(47.661806, -122.304656)",F180111127
454708,8421 9th Av Sw,Aid Response,09/14/2015 03:31:00 AM +0000,47.528105,-122.346754,"(47.528105, -122.346754)",F150105620
164758,2601 W Marina Pl,Medic Response,08/07/2012 10:50:00 PM +0000,47.631249,-122.390204,"(47.631249, -122.390204)",F120073620
146817,4700 Sw Admiral Way,Medic Response,05/26/2012 12:29:00 AM +0000,47.581214,-122.391903,"(47.581214, -122.391903)",F120047297
697589,13000 Lake City Way Ne,Trans to AMR,03/11/2018 09:59:00 PM +0000,47.722899,-122.293194,"(47.722899, -122.293194)",F180025143
654622,5th Av S / S Holgate St,Aid Response,10/05/2017 04:23:00 PM +0000,47.586175,-122.327541,"(47.586175, -122.327541)",F170103879
236227,13341 15th Av Ne,Aid Response,05/28/2013 02:38:00 AM +0000,47.725703,-122.312655,"(47.725703, -122.312655)",F130051290
356021,3rd Av / James St,Aid Response,09/15/2014 04:41:00 AM +0000,47.602769,-122.33140900000001,"(47.602769, -122.331409)",F140100478
708359,4th Av / James St,Medic Response,04/20/2018 06:25:00 PM +0000,47.603233,-122.330297,"(47.603233, -122.330297)",F180039313
730243,7500 East Marginal Way S,Medic Response,07/03/2018 05:39:00 AM +0000,47.535371999999995,-122.31501200000001,"(47.535372, -122.315012)",F180068325
562958,14200 Linden Av N,Auto Fire Alarm,10/10/2016 07:35:00 AM +0000,47.731677000000005,-122.34777199999999,"(47.731677, -122.347772)",F160114496
512525,11501 15th Av Ne,Aid Response,04/17/2016 03:18:00 AM +0000,47.712167,-122.31243300000001,"(47.712167, -122.312433)",F160042867
702299,411 Westlake Av N,Aid Response,04/01/2018 03:16:00 PM +0000,47.62216,-122.33845500000001,"(47.62216, -122.338455)",F180032706
464090,1721 26th Av S,Aid Response,10/17/2015 08:33:00 PM +0000,47.587728999999996,-122.29911499999999,"(47.587729, -122.299115)",F150119586
382462,704 E Thomas St,Aid Response,12/23/2014 07:37:00 AM +0000,47.62106,-122.32305600000001,"(47.62106, -122.323056)",F140138791
24439,225 BROADWAY  E,Aid Response,08/23/2011 10:24:00 PM +0000,47.620194,-122.32087800000001,"(47.620194, -122.320878)",F110077888
14659,856 Nw 114th St,Aid Response,09/30/2011 04:58:00 PM +0000,47.711677,-122.36770200000001,0,F110091225
16364,9618 Midvale Av N,Aid Response,09/29/2011 07:26:00 PM +0000,47.698716999999995,-122.343321,0,F110090933
125409,7504 Aurora Av N,Natural Gas Odor,02/20/2012 07:45:00 AM +0000,47.683324,-122.34448400000001,"(47.683324, -122.344484)",F120015704
669450,150 Denny Way,Aid Response,11/29/2017 04:21:00 PM +0000,47.618596999999994,-122.354147,"(47.618597, -122.354147)",F170124799
274287,607 3rd Av,Medic Response,10/24/2013 08:37:00 PM +0000,47.602813,-122.33144899999999,"(47.602813, -122.331449)",F130107214
361062,517 3rd Av,Medic Response,10/04/2014 04:00:00 PM +0000,47.602171999999996,-122.330863,"(47.602172, -122.330863)",F140108341
395817,4TH AV S / S JACKSON ST,Trans to AMR,02/16/2015 04:23:00 AM +0000,47.599197,-122.32896799999999,"(47.599197, -122.328968)",F150017418
251509,707 E Pine St,Aid Response,07/25/2013 08:31:00 AM +0000,47.615231,-122.323323,"(47.615231, -122.323323)",F130073920
637800,6004 Corson Av S,4RED - 2 + 1 + 1,08/10/2017 06:35:00 AM +0000,47.548475,-122.32115800000001,"(47.548475, -122.321158)",F170081863
232735,1431 Minor Av,Aid Response,05/15/2013 03:32:00 AM +0000,47.613037,-122.326981,"(47.613037, -122.326981)",F130046820
701150,M L King Jr Way / E Cherry St,Aid Response,03/24/2018 08:28:00 PM +0000,47.607997,-122.296254,"(47.607997, -122.296254)",F180030063
597395,1809 N 97th St,Aid Response,03/24/2017 01:44:00 PM +0000,47.699593,-122.336409,"(47.699593, -122.336409)",F170028864
91183,801 Alaskan Way,Aid Response,09/08/2010 07:46:00 AM +0000,47.602348,-122.337148,0,0
143934,810 Virginia St,Aid Response,05/13/2012 08:21:00 AM +0000,47.615789,-122.33650700000001,"(47.615789, -122.336507)",F120043112
688150,517 3rd Av,Medic Response,02/03/2018 07:54:00 PM +0000,47.602171999999996,-122.330863,"(47.602172, -122.330863)",F180012562
32699,9800 4th Av Ne,Medic Response,07/06/2011 09:56:00 PM +0000,47.699872,-122.324247,"(47.699872, -122.324247)",F110061037
74045,7301 Delridge Way Sw,Trans to AMR,12/09/2010 10:05:00 AM +0000,47.537157,-122.36120600000001,"(47.537157, -122.361206)",0
657795,11616 Aurora Av N,Aid Response,10/20/2017 12:03:00 PM +0000,47.713747,-122.34483700000001,"(47.713747, -122.344837)",F170109193
249092,2911 2nd Av,Auto Fire Alarm,07/16/2013 11:20:00 AM +0000,47.617657,-122.35177,"(47.617657, -122.35177)",F130070499
396503,462 Ne 70th St,Aid Response,02/16/2015 06:01:00 PM +0000,47.679394,-122.32284399999999,"(47.679394, -122.322844)",F150017571
502031,6339 34th Av Sw,Aid Response,03/10/2016 07:54:00 AM +0000,47.546215000000004,-122.375056,"(47.546215, -122.375056)",F160027165
407463,77 S Washington St,Aid Response,04/01/2015 09:50:00 PM +0000,47.600885,-122.334925,"(47.600885, -122.334925)",F150034717
266700,1400 6th Av,Aid Response,09/22/2013 03:35:00 PM +0000,47.61015,-122.333556,"(47.61015, -122.333556)",F130096172
176584,10627 60th Av S,Trans to AMR,09/24/2012 07:54:00 AM +0000,47.505644000000004,-122.25832,"(47.505644, -122.25832)",F120090954
319982,1533 Western Av,Aid Response,05/03/2014 09:23:00 PM +0000,47.608965999999995,-122.341682,"(47.608966, -122.341682)",F140044309
459028,400 23rd Av,Aid Response,09/29/2015 10:15:00 PM +0000,47.605146999999995,-122.30278999999999,"(47.605147, -122.30279)",F150112028
315233,2030 3rd Av,Medic Response,04/14/2014 07:16:00 AM +0000,47.612626,-122.341277,"(47.612626, -122.341277)",F140037243
523234,1801 16th Av Sw,Aid Response,05/24/2016 03:49:00 PM +0000,47.586231,-122.355429,"(47.586231, -122.355429)",F160059102
340881,109 23rd Av E,Aid Response,07/23/2014 10:44:00 AM +0000,47.619215000000004,-122.302545,"(47.619215, -122.302545)",F140077874
386008,3RD AV / PIKE ST,Aid Response,01/06/2015 10:16:00 PM +0000,47.60975,-122.33779299999999,"(47.60975, -122.337793)",F150002087
68728,4057 7th Av Ne,Trans to AMR,01/04/2011 05:08:00 PM +0000,47.656353,-122.320852,"(47.656353, -122.320852)",F110001098
700337,Broadway / E Pine St,Aid Response,03/21/2018 09:22:00 PM +0000,47.615235,-122.320799,"(47.615235, -122.320799)",F180029084
601371,NE 50TH ST / LATONA AV NE,Aid Response,04/10/2017 01:06:00 PM +0000,47.664984000000004,-122.32505400000001,"(47.664984, -122.325054)",F170034733
74556,3003 14th Av W,Automatic Fire Alarm Resd,12/06/2010 08:44:00 PM +0000,47.646619,-122.37487800000001,"(47.646619, -122.374878)",0
271965,2707 Rainier Av S,Aid Response,10/13/2013 04:35:00 PM +0000,47.579157,-122.298767,"(47.579157, -122.298767)",F130103534
628746,Wabash Av S / 55th Av S,Aid Response,07/14/2017 11:07:00 PM +0000,47.525278,-122.263828,"(47.525278, -122.263828)",F170071011
653408,810 Virginia St,Aid Response,10/08/2017 04:40:00 PM +0000,47.615789,-122.33650700000001,"(47.615789, -122.336507)",F170105025
536082,Delmar Dr E / E Lynn St,Aid Response,07/09/2016 04:14:00 PM +0000,47.63968,-122.31366799999999,"(47.63968, -122.313668)",F160079419
359827,600 Broadway,Medic Response,09/30/2014 12:10:00 AM +0000,47.607217999999996,-122.320752,"(47.607218, -122.320752)",F140106528
433972,11039 17th Av Ne,Aid Response,07/04/2015 12:03:00 PM +0000,47.709396999999996,-122.309982,"(47.709397, -122.309982)",F150073669
249653,5624 Roosevelt Way Ne,Aid Response,07/18/2013 02:25:00 PM +0000,47.669536,-122.31736399999998,"(47.669536, -122.317364)",F130071291
231899,5041 Rainier Av S,Aid Response,05/12/2013 07:23:00 PM +0000,47.5568,-122.284456,"(47.5568, -122.284456)",F130045982
352454,Pike St / 3rd Av,Aid Response,09/01/2014 06:45:00 PM +0000,47.60975,-122.33779299999999,"(47.60975, -122.337793)",F140094751
254671,Mercer St / 9th Av N,Aid Response,08/06/2013 09:24:00 PM +0000,47.624544,-122.33974099999999,"(47.624544, -122.339741)",F130078699
514809,221 18th Av S,Auto Fire Alarm,04/23/2016 11:06:00 PM +0000,47.600659,-122.30896399999999,"(47.600659, -122.308964)",F160046005
335455,113 23rd Av S,Aid Response,07/02/2014 09:44:00 AM +0000,47.601649,-122.302324,"(47.601649, -122.302324)",F140068906
151859,5030 Roosevelt Way Ne,Aid Response,06/16/2012 02:46:00 AM +0000,47.665157,-122.317402,"(47.665157, -122.317402)",F120054478
394321,2909 E Madison St,Aid Response,02/07/2015 10:20:00 PM +0000,47.624289000000005,-122.294995,"(47.624289, -122.294995)",F150014118
265302,907 Belmont Av E,Aid Response,09/17/2013 02:25:00 AM +0000,47.626792,-122.325622,"(47.626792, -122.325622)",F130094210
44262,2700 Ne 125th St,Medic Response- 7 per Rule,05/08/2011 04:55:00 AM +0000,47.719301,-122.299089,"(47.719301, -122.299089)",F110039671
685079,517 3rd Av,Medic Response,01/27/2018 09:14:00 PM +0000,47.602171999999996,-122.330863,"(47.602172, -122.330863)",F180010064
482398,1727 Belmont Av,Aid Response,12/29/2015 02:07:00 AM +0000,47.616719,-122.32449199999999,"(47.616719, -122.324492)",F150148112
773797,Queen Anne Av N / W Harrison St,1RED 1 Unit,12/06/2018 08:49:00 AM +0000,47.622108000000004,-122.356729,"(47.622108, -122.356729)",F180127549
553964,10 Denny Way,Aid Response,09/12/2016 01:28:00 PM +0000,47.618607,-122.356647,"(47.618607, -122.356647)",F160104467
562348,450 Ne 100th St,Medic Response,10/06/2016 06:40:00 PM +0000,47.701329,-122.32368400000001,"(47.701329, -122.323684)",F160113357
87065,42nd Av S / S Othello St,Motor Vehicle Accident,09/27/2010 07:41:00 AM +0000,47.537048999999996,-122.280735,0,0
68807,6561 Phinney Av N,Medic Response,01/04/2011 04:58:00 AM +0000,47.677128,-122.35436000000001,"(47.677128, -122.35436)",F110000987
42422,9240 2nd Av Sw,Medic Response,05/17/2011 12:12:00 PM +0000,47.520453,-122.336003,"(47.520453, -122.336003)",F110042498
474277,Battery St / Elliott Av,Aid Response,11/25/2015 06:56:00 AM +0000,47.612815000000005,-122.34953300000001,"(47.612815, -122.349533)",F150135120
582656,300 Boren Av N,Rescue Elevator,12/20/2016 01:24:00 AM +0000,47.620864000000005,-122.335857,"(47.620864, -122.335857)",F160139682
681205,2826 S Bradford Pl,Medic Response,01/13/2018 08:29:00 PM +0000,47.568609,-122.295925,"(47.568609, -122.295925)",F180004760
533900,Cheasty Blvd S / 24th Pl S,MVI - Motor Vehicle Incident,07/01/2016 07:25:00 PM +0000,47.564015999999995,-122.30167900000001,"(47.564016, -122.301679)",F160076365
444275,2445 3rd Av S,Rescue Elevator,08/07/2015 09:44:00 PM +0000,47.581578,-122.32998799999999,"(47.581578, -122.329988)",F150089505
107717,7630 Highland Park Way Sw,Aid Response,11/29/2011 01:11:00 PM +0000,47.534042,-122.34706899999999,"(47.534042, -122.347069)",F110110043
190257,1111 3rd Av,Aid Response,11/21/2012 07:07:00 PM +0000,47.60641,-122.33473899999998,"(47.60641, -122.334739)",F120110782
437457,2623 Ne 45 St,Auto Fire Alarm,07/17/2015 11:02:00 PM +0000,0.0,0.0,"(0, 0)",F150079890
519324,9525 17th Av Ne,Aid Response,05/10/2016 01:55:00 PM +0000,47.697819,-122.309454,"(47.697819, -122.309454)",F160053241
118848,800 Occidental Av S,Medic Response,01/21/2012 05:18:00 AM +0000,47.595693,-122.33327299999999,"(47.595693, -122.333273)",F120006060
291427,4732 Brooklyn Av Ne,Aid Response,01/07/2014 09:50:00 PM +0000,47.663288,-122.31423500000001,"(47.663288, -122.314235)",F140002475
32196,812 E Shelby St,Aid Response,07/09/2011 01:20:00 AM +0000,47.646921999999996,-122.321949,"(47.646922, -122.321949)",F110061803
753637,1431 Minor Av,Aid Response,09/24/2018 10:00:00 AM +0000,47.613246999999994,-122.32718700000001,"(47.613247, -122.327187)",F180101102
503811,10420 60th Av S,Automatic Medical Alarm,03/17/2016 03:09:00 PM +0000,47.507521000000004,-122.25837,"(47.507521, -122.25837)",F160030146
580443,505 Ne 70th St,Aid Response,12/12/2016 05:35:00 AM +0000,47.679478,-122.322726,"(47.679478, -122.322726)",F160136627
355046,1718 Alki Av Sw,Aid Response,09/11/2014 11:29:00 AM +0000,47.588209,-122.395625,"(47.588209, -122.395625)",F140098820
604200,1531 E Olin Pl,Automatic Medical Alarm,04/21/2017 10:56:00 PM +0000,47.635605,-122.31276399999999,"(47.635605, -122.312764)",F170038817
631842,801 5th Av,Auto Fire Alarm,07/24/2017 05:16:00 PM +0000,47.605126,-122.33049399999999,"(47.605126, -122.330494)",F170074800
365386,1202 S Donovan St,Medic Response,10/19/2014 04:13:00 PM +0000,47.5256,-122.31756899999999,"(47.5256, -122.317569)",F140114443
645013,1302 Nw 90th St,Fire in Single Family Res,09/05/2017 07:24:00 PM +0000,47.694253,-122.37276999999999,"(47.694253, -122.37277)",F170092423
629468,7137 27th Av Sw,Aid Response,07/16/2017 03:56:00 AM +0000,47.538398,-122.36765700000001,"(47.538398, -122.367657)",F170071487
330810,4001 21st Av W,Aid Response,06/15/2014 08:22:00 PM +0000,47.655631,-122.38338600000002,"(47.655631, -122.383386)",F140062070
376050,801 9th Av,Aid Response,11/27/2014 06:03:00 PM +0000,47.606982,-122.32605600000001,"(47.606982, -122.326056)",F140129413
545717,1821 E Mercer St,Automatic Medical Alarm,08/11/2016 01:25:00 AM +0000,47.624424,-122.308378,"(47.624424, -122.308378)",F160091925
536533,1103 16th Av,Auto Fire Alarm,07/11/2016 10:21:00 AM +0000,47.611553,-122.311479,"(47.611553, -122.311479)",F160080062
335678,1401 2nd Av,Aid Response,07/04/2014 11:17:00 PM +0000,47.608292,-122.33799499999999,"(47.608292, -122.337995)",F140070021
494441,9105 24th Av Nw,Aid Response,02/11/2016 03:39:00 PM +0000,47.695214,-122.38757,"(47.695214, -122.38757)",F160016252
533265,2700 California Av Sw,Aid Response,06/28/2016 06:23:00 PM +0000,47.57931,-122.38662099999999,"(47.57931, -122.386621)",F160075253
277304,39th Av S / S Dawson St,Aid Response,11/10/2013 11:35:00 PM +0000,47.555488000000004,-122.283483,"(47.555488, -122.283483)",F130113470
14303,620 N 125th St,Aid Response,09/30/2011 07:59:00 PM +0000,47.719590000000004,-122.351352,0,F110091283
285690,2119 3rd Av,Aid Response,12/12/2013 11:18:00 PM +0000,47.613308,-122.342432,"(47.613308, -122.342432)",F130124490
419261,6827 49th Av Ne,Automatic Fire Alarm Resd,05/16/2015 01:20:00 AM +0000,47.677834000000004,-122.275596,"(47.677834, -122.275596)",F150052478
769610,1729 Boylston Av,Aid Response,11/20/2018 11:05:00 PM +0000,47.617059999999995,-122.32343999999999,"(47.61706, -122.32344)",F180122364
456836,2nd Av / University St,Aid Response,09/22/2015 12:23:00 AM +0000,47.607299,-122.33708700000001,"(47.607299, -122.337087)",F150108751
573883,9347 7th Av S,Medic Response,11/17/2016 02:05:00 PM +0000,47.519301,-122.324976,"(47.519301, -122.324976)",F160128251
496938,N 45th St / Stone Way N,Fuel Spill,02/20/2016 07:06:00 AM +0000,47.661384999999996,-122.342145,"(47.661385, -122.342145)",F160019710
748081,18 Galer St,Activated CO Detector,09/03/2018 05:13:00 PM +0000,47.632317,-122.35603600000002,"(47.632317, -122.356036)",F180093667
584939,9550 1st Av Ne,Auto Fire Alarm,12/27/2016 04:49:00 PM +0000,47.698088,-122.32845900000001,"(47.698088, -122.328459)",F160142354
205280,101 23rd Av S,TEST - MIS TEST,01/23/2013 11:19:00 PM +0000,47.601665999999994,-122.30233799999999,"(47.601666, -122.302338)",F130008013
397008,8725 Evanston Av N,Aid Response,02/19/2015 06:56:00 AM +0000,47.692551,-122.35128799999998,"(47.692551, -122.351288)",F150018526
468139,5627 Brooklyn Av Ne,Medic Response,10/31/2015 10:12:00 PM +0000,47.669676,-122.31416200000001,"(47.669676, -122.314162)",F150125171
572702,5055 Pullman Av Ne,Medic Response,11/11/2016 06:08:00 PM +0000,47.66963,-122.27330500000001,"(47.66963, -122.273305)",F160126185
269966,1005 E Miller St,Trans to AMR,10/05/2013 03:44:00 PM +0000,47.641355,-122.319949,"(47.641355, -122.319949)",F130100902
583144,303 N 138th St,Aid Response,12/24/2016 03:04:00 PM +0000,47.729645,-122.355523,"(47.729645, -122.355523)",F160141371
329039,1245 10th Av E,Auto Fire Alarm,06/09/2014 01:36:00 PM +0000,47.630887,-122.32020800000001,"(47.630887, -122.320208)",F140059531
269608,1000 Occidental Av S,Aid Response,10/04/2013 02:45:00 AM +0000,47.594035,-122.333269,"(47.594035, -122.333269)",F130100405
331483,5112 S Kenyon St,Hang-Up- Aid,06/19/2014 02:12:00 AM +0000,47.531582,-122.269691,"(47.531582, -122.269691)",F140063365
106003,900 University St,Aid Response,11/21/2011 03:10:00 PM +0000,47.61055,-122.32931799999999,"(47.61055, -122.329318)",F110107778
383895,6306 S Hazel St,Medic Response,12/29/2014 02:43:00 PM +0000,47.504766,-122.254226,"(47.504766, -122.254226)",F140140823
737329,1615 19th Av,Auto Fire Alarm,07/26/2018 02:25:00 PM +0000,47.615477,-122.30743999999999,"(47.615477, -122.30744)",F180078141
656990,3224 4th Av S,Aid Response,10/16/2017 10:39:00 PM +0000,47.575283,-122.32905900000002,"(47.575283, -122.329059)",F170108009
506231,2326 California Av Sw,Aid Response,03/28/2016 10:11:00 PM +0000,47.582838,-122.38648500000001,"(47.582838, -122.386485)",F160034847
98664,7500 Seward Park Av S,Medic Response,07/20/2010 07:54:00 AM +0000,47.535387,-122.267284,0,0
134345,525 25th Av S,Trans to AMR,04/01/2012 10:00:00 AM +0000,47.597929,-122.29992299999999,"(47.597929, -122.299923)",F120028804
80050,Rainier Av S / S King St,Motor Vehicle Accident,10/30/2010 12:00:00 PM +0000,47.598331,-122.31340700000001,0,0
450975,5417 41st Av Sw,Medic Response,09/01/2015 03:04:00 AM +0000,47.553702,-122.38423,"(47.553702, -122.38423)",F150100340
74936,0 - 0 Nb I5 At Yesler,Motor Vehicle Accident Freeway,12/04/2010 10:14:00 PM +0000,47.602936,-122.326094,"(47.602936, -122.326094)",0
476180,6553 Earl Av Nw,Aid Response,12/01/2015 06:34:00 PM +0000,47.676372,-122.39184399999999,"(47.676372, -122.391844)",F150137357
454058,1101 Madison St,Aid Response,09/13/2015 11:39:00 PM +0000,47.609343,-122.325128,"(47.609343, -122.325128)",F150105554
126884,Meridian Av N / N 105th St,Alarm Bell,02/27/2012 10:10:00 AM +0000,47.705036,-122.33393000000001,"(47.705036, -122.33393)",F120017945
639094,4501 9th Av Nw,Trans to AMR,08/17/2017 08:56:00 PM +0000,47.661467,-122.36861599999999,"(47.661467, -122.368616)",F170084798
525779,1912 N 45th St,Wires Down,06/03/2016 01:03:00 AM +0000,47.661386,-122.33498999999999,"(47.661386, -122.33499)",F160063587
110586,811 26th Av,Medic Response,12/13/2011 08:54:00 AM +0000,47.609114,-122.298855,"(47.609114, -122.298855)",F110114164
318862,10049 College Way N,Aid Response,04/30/2014 01:50:00 PM +0000,47.701756,-122.335022,"(47.701756, -122.335022)",F140042927
691761,317 Marion St,Investigate Out Of Service,02/19/2018 07:25:00 PM +0000,47.604991,-122.333174,"(47.604991, -122.333174)",F180018047
523233,1902 2nd Av,Trans to AMR,05/24/2016 02:41:00 PM +0000,47.610972,-122.340465,"(47.610972, -122.340465)",F160059082
180235,1908 1st Av N,Medic Response,10/08/2012 10:15:00 PM +0000,47.635999,-122.35561399999999,"(47.635999, -122.355614)",F120096090
263519,N 88th St / Nesbit Av N,Aid Response,09/09/2013 11:17:00 PM +0000,47.692372999999996,-122.34346799999999,"(47.692373, -122.343468)",F130091457
513260,2712 1ST AV S,Automatic Medical Alarm,04/27/2016 03:04:00 PM +0000,47.579685,-122.33420100000001,"(47.579685, -122.334201)",F160047459
302894,1911 Aurora Av N,Aid Response,02/24/2014 03:51:00 AM +0000,47.636938,-122.344127,"(47.636938, -122.344127)",F140019751
754962,1813 19th Av,Aid Response,09/25/2018 05:26:00 PM +0000,47.617715000000004,-122.307396,"(47.617715, -122.307396)",F180101630
64164,1403 Broadmoor Dr E,Aid Response,01/27/2011 01:45:00 AM +0000,47.631478,-122.28758899999998,"(47.631478, -122.287589)",F110007929
741077,Stone Way N / N 41st St,Aid Response,08/09/2018 07:13:00 PM +0000,47.656643,-122.342377,"(47.656643, -122.342377)",F180084129
106955,29th Av Sw / Sw Graham St,Motor Vehicle Accident,11/24/2011 10:20:00 PM +0000,47.547135,-122.370042,"(47.547135, -122.370042)",F110108794
582056,18TH AV SW / SW BARTON ST,Medic Response,12/18/2016 12:51:00 PM +0000,47.521031,-122.35781599999999,"(47.521031, -122.357816)",F160139074
175581,747 N 135th St,Aid Response,09/19/2012 05:25:00 PM +0000,47.726864,-122.34801200000001,"(47.726864, -122.348012)",F120089349
550550,2144 N 51st St,Trans to AMR,08/26/2016 05:53:00 AM +0000,47.665768,-122.33311100000002,"(47.665768, -122.333111)",F160098288
137513,1431 Minor Av,Trans to AMR,04/15/2012 02:04:00 AM +0000,47.613037,-122.326981,"(47.613037, -122.326981)",F120033379
498131,6135 Seaview Av Nw,Rescue Salt Water,02/25/2016 01:58:00 AM +0000,47.673551,-122.40635900000001,"(47.673551, -122.406359)",F160021421
519558,100 Nw 85th St,Aid Response,05/10/2016 02:56:00 AM +0000,47.69061,-122.357982,"(47.69061, -122.357982)",F160053090
546949,12550 Greenwood Av N,Aid Response,08/13/2016 09:24:00 PM +0000,47.720051,-122.35553999999999,"(47.720051, -122.35554)",F160093286
354218,217 James St,Aid Response,09/07/2014 09:11:00 PM +0000,47.602385999999996,-122.332326,"(47.602386, -122.332326)",F140097244
276809,3435 38th Av W,Aid Response,11/02/2013 11:26:00 PM +0000,47.650760999999996,-122.405749,"(47.650761, -122.405749)",F130110640
261228,4200 Whitman Ct Ne,Aid Response,09/01/2013 01:35:00 AM +0000,47.658634,-122.304247,"(47.658634, -122.304247)",F130088223
550490,11th Av Nw / Nw 46th St,Unk Odor,08/26/2016 07:54:00 PM +0000,47.662199,-122.370768,"(47.662199, -122.370768)",F160098569
478788,12525 Aurora Av N,Aid Response,12/10/2015 12:57:00 PM +0000,47.719793,-122.344939,"(47.719793, -122.344939)",F150141123
58540,4545 42nd Av Sw,Aid Response,02/25/2011 03:54:00 AM +0000,47.562472,-122.38545500000001,"(47.562472, -122.385455)",F110016691
299131,816 S Kenyon St,AFA4 - Auto Alarm 2 + 1 + 1,02/08/2014 01:20:00 AM +0000,47.531951,-122.322621,"(47.531951, -122.322621)",F140014060
402077,2903 E Union St,Aid Response,03/12/2015 02:06:00 PM +0000,47.612956,-122.294908,"(47.612956, -122.294908)",F150026896
315980,9050 Greenwood Av N,Aid Response,04/18/2014 04:56:00 PM +0000,47.694665,-122.35534399999999,"(47.694665, -122.355344)",F140038780
515252,1603 Nagle Pl,Aid Response,04/28/2016 05:22:00 AM +0000,47.615265,-122.320016,"(47.615265, -122.320016)",F160047746
258360,800 S King St,Medic Response,08/21/2013 05:39:00 AM +0000,47.598348,-122.322448,"(47.598348, -122.322448)",F130084083
271402,3223 1st Av S,Medic Response,10/11/2013 05:27:00 PM +0000,47.575297,-122.334203,"(47.575297, -122.334203)",F130102869
94935,805 4th Av N,Aid Response,08/11/2010 07:48:00 AM +0000,47.626321999999995,-122.348863,0,0
336597,14362 30th Av Ne,Investigate Out Of Service,07/05/2014 08:46:00 PM +0000,47.732585,-122.296535,"(47.732585, -122.296535)",F140070450
594602,1531 1st Av,Trans to AMR,03/14/2017 04:05:00 PM +0000,47.609125,-122.340291,"(47.609125, -122.340291)",F170025546
467811,320 Nw 46th St,Medic Response,11/02/2015 07:58:00 AM +0000,47.662186,-122.36099399999999,"(47.662186, -122.360994)",F150125729
264121,2519 1st Av,Aid Response,09/12/2013 02:43:00 AM +0000,47.614798,-122.348918,"(47.614798, -122.348918)",F130092332
375221,306 6th Av S,Aid Response,11/23/2014 03:40:00 AM +0000,47.599981,-122.326357,"(47.599981, -122.326357)",F140127853
388237,818 Ne 106th St,Trans to AMR,01/15/2015 05:45:00 PM +0000,47.705841,-122.319275,"(47.705841, -122.319275)",F150005346
350821,9729 3rd Av Nw,Aid Response,08/27/2014 05:21:00 PM +0000,47.699841,-122.360722,"(47.699841, -122.360722)",F140092852
346425,400 Broad St,Aid Response,08/10/2014 08:45:00 AM +0000,47.619744,-122.348859,"(47.619744, -122.348859)",F140085715
225814,500 5th Av,Aid Response,04/19/2013 05:06:00 PM +0000,47.602985,-122.328535,"(47.602985, -122.328535)",F130037381
191455,7116 West Marginal Way Sw,Aid Response,11/27/2012 06:36:00 AM +0000,47.53972,-122.34115600000001,"(47.53972, -122.341156)",F120112389
510168,757 Bellevue Av E,Aid Response,04/08/2016 03:04:00 AM +0000,47.625642,-122.326586,"(47.625642, -122.326586)",F160039187
210473,Broadway / Madison St,Aid Response,02/15/2013 06:21:00 AM +0000,47.611169,-122.32076,"(47.611169, -122.32076)",F130015541
235777,9101 50th Av S,Medic Response,05/27/2013 03:52:00 AM +0000,47.522321000000005,-122.271405,"(47.522321, -122.271405)",F130051007
626155,50 University St,Aid Response,07/05/2017 03:39:00 AM +0000,47.606052000000005,-122.34006699999999,"(47.606052, -122.340067)",F170067017
378972,305 Harrison St,Aid Response,12/10/2014 12:41:00 AM +0000,47.622089,-122.351371,"(47.622089, -122.351371)",F140133775
325914,9455 27th Av Sw,Aid Response,05/28/2014 11:05:00 PM +0000,47.518178000000006,-122.367277,"(47.518178, -122.367277)",F140054525
238650,903 25th Av S,Automatic Fire Alarm Resd,06/07/2013 01:26:00 PM +0000,47.594558,-122.30011299999998,"(47.594558, -122.300113)",F130055362
613873,Delridge Way Sw / Sw Henderson St,MVI - Motor Vehicle Incident,05/24/2017 02:56:00 PM +0000,47.522861,-122.360099,"(47.522861, -122.360099)",F170050945
671725,4611 35th Av Sw,Aid Response,12/08/2017 07:20:00 AM +0000,47.561926,-122.376204,"(47.561926, -122.376204)",F170127870
730630,1431 Minor Av,Aid Response,07/09/2018 12:46:00 AM +0000,47.613246999999994,-122.32718700000001,"(47.613247, -122.327187)",F180070777
207203,11725 15th Av Ne,Aid Response,02/01/2013 01:38:00 PM +0000,47.714518,-122.31250700000001,"(47.714518, -122.312507)",F130010737
714166,10351 11th Av Nw,Aid Response,05/13/2018 06:34:00 PM +0000,47.7044,-122.3704,"(47.7044, -122.3704)",F180047922
171931,1000 2nd Av,Medic Response,09/04/2012 10:22:00 PM +0000,47.605159,-122.33512900000001,"(47.605159, -122.335129)",F120083983
685318,834 Ne 95th St,Aid Response,01/26/2018 05:32:00 PM +0000,47.69767,-122.31986,"(47.69767, -122.31986)",F180009631
445267,3651 34th Av S,Rescue Elevator,08/12/2015 07:02:00 PM +0000,47.571115,-122.28993,"(47.571115, -122.28993)",F150091621
255108,9831 Marine View Dr Sw,Medic Response,08/08/2013 09:41:00 AM +0000,47.515113,-122.391452,"(47.515113, -122.391452)",F130079361
625602,747 N 135th St,Aid Response Yellow,07/02/2017 07:12:00 AM +0000,47.726864,-122.34801200000001,"(47.726864, -122.348012)",F170065808
620893,600 5th Av W,Aid Response,06/17/2017 10:50:00 AM +0000,47.624607,-122.36323999999999,"(47.624607, -122.36324)",F170060035
283252,875 Nw Elford Dr,Aid Response,12/05/2013 12:51:00 AM +0000,47.728155,-122.36851499999999,"(47.728155, -122.368515)",F130121291
143580,2030 3rd Av,Aid Response,05/11/2012 10:42:00 PM +0000,47.612626,-122.341277,"(47.612626, -122.341277)",F120042542
716214,825 Eastlake Av E,Medic Response,05/17/2018 11:54:00 AM +0000,47.626215,-122.329199,"(47.626215, -122.329199)",F180049326
483004,505 S Cloverdale St,Auto Fire Alarm,12/28/2015 06:10:00 AM +0000,47.526481,-122.32813300000001,"(47.526481, -122.328133)",F150147817
231484,14836 8th Av Ne,Mutual Aid- Medic,05/11/2013 04:11:00 AM +0000,47.736376,-122.320866,"(47.736376, -122.320866)",B130045389
119612,5036 25th Av Ne,Medic Response,01/25/2012 09:58:00 AM +0000,47.665669,-122.300628,"(47.665669, -122.300628)",F120007390
258482,Nw 75th St / 20th Av Nw,Aid Response,08/22/2013 03:58:00 AM +0000,47.683201000000004,-122.38216399999999,"(47.683201, -122.382164)",F130084441
68535,6545 Ravenna Av Ne,Automatic Medical Alarm,01/05/2011 03:44:00 PM +0000,47.676048,-122.30382,"(47.676048, -122.30382)",F110001383
756961,6th Av Sw / Sw Cambridge St,Aid Response,10/04/2018 07:39:00 AM +0000,47.519116,-122.34288600000001,"(47.519116, -122.342886)",F180104982
47333,10545 Aurora Av N,Car Fire,04/23/2011 10:26:00 PM +0000,47.705383000000005,-122.3447,"(47.705383, -122.3447)",F110035175
297711,1431 Minor Av,Aid Response,02/03/2014 01:35:00 PM +0000,47.613037,-122.326981,"(47.613037, -122.326981)",F140012168
495405,1500 6th Av S,1RED 1 Unit,02/14/2016 10:21:00 AM +0000,47.589883,-122.325969,"(47.589883, -122.325969)",F160017488
689295,306 23rd Av S,Trans to AMR,02/08/2018 11:30:00 AM +0000,47.600257,-122.30223600000001,"(47.600257, -122.302236)",F180014116
370775,904 7th Av,Medic Response,11/07/2014 07:58:00 PM +0000,47.6069,-122.329051,"(47.6069, -122.329051)",F140121843
625422,301 Ne 103rd St,Investigate Out Of Service,07/02/2017 05:39:00 PM +0000,47.70316,-122.325828,"(47.70316, -122.325828)",F170065984
755297,8th Av Sw/sw Roxbury St,Car Fire,09/27/2018 02:27:00 PM +0000,47.517303000000005,-122.345423,"(47.517303, -122.345423)",F180102585
221076,2700 S Hanford St,Aid Response,03/30/2013 05:09:00 PM +0000,47.575082,-122.298266,"(47.575082, -122.298266)",F130030021
461594,6529 30TH AV SW,Alarm Bell,10/10/2015 10:09:00 PM +0000,47.544096,-122.36987099999999,"(47.544096, -122.369871)",F150116813
35430,101 27th Av,Aid Response,06/25/2011 05:19:00 AM +0000,47.601658,-122.29786399999999,"(47.601658, -122.297864)",F110056793
625764,3631 Linden Av N,Medic Response,07/04/2017 01:34:00 PM +0000,47.651387,-122.348598,"(47.651387, -122.348598)",F170066660
368580,105 5th Av S,Med 7 Resp Infectious,10/30/2014 10:43:00 PM +0000,47.601643,-122.327656,"(47.601643, -122.327656)",F140118699
244731,1516 1st Av S,EVENT - Special Event,06/30/2013 06:07:00 PM +0000,47.590144,-122.334195,"(47.590144, -122.334195)",F130064209
646183,Minor Av / Columbia St,Trans to AMR,09/08/2017 06:45:00 PM +0000,47.608375,-122.322725,"(47.608375, -122.322725)",F170093490
705140,1628 5th Av,Trans to AMR,04/07/2018 08:44:00 PM +0000,47.611807,-122.33660800000001,"(47.611807, -122.336608)",F180034927
638923,301 Mercer St,Aid Response,08/14/2017 10:29:00 PM +0000,47.62457,-122.35146100000001,"(47.62457, -122.351461)",F170083733
720032,805 4th Av N,Trans to AMR,06/02/2018 01:26:00 PM +0000,47.626321999999995,-122.348863,"(47.626322, -122.348863)",F180056357
312848,423 Maynard Av S,Aid Response,04/05/2014 07:37:00 PM +0000,47.598994,-122.325056,"(47.598994, -122.325056)",F140033985
322448,10751 2nd Av Nw,Aid Response,05/13/2014 05:23:00 AM +0000,47.707228,-122.35946299999999,"(47.707228, -122.359463)",F140047959
545335,2208 15th Av W,Medic Response,08/10/2016 09:02:00 PM +0000,47.638695,-122.376149,"(47.638695, -122.376149)",F160091818
170417,318 2nd Av Et  S,Medic Response,08/30/2012 12:54:00 AM +0000,47.600194,-122.330541,"(47.600194, -122.330541)",F120081805
352173,2411 Alaskan Way,Auto Fire Alarm,08/31/2014 05:58:00 PM +0000,47.612497999999995,-122.35055600000001,"(47.612498, -122.350556)",F140094440
53651,500 5TH AV,HazMat Reduced,03/23/2011 11:44:00 PM +0000,47.602985,-122.328535,"(47.602985, -122.328535)",F110025589
159691,6616 8th Av Ne,Aid Response,07/18/2012 06:16:00 PM +0000,47.676687,-122.32009,0,F120066011
125217,6720 East Green Lake Way N,Medic Response,02/20/2012 05:11:00 PM +0000,47.678340000000006,-122.32895,"(47.67834, -122.32895)",F120015775
14094,600 4th Av,Auto Fire Alarm,09/30/2011 10:03:00 PM +0000,47.603333,-122.330278,0,F110091315
685193,8010 31st Av Ne,Aid Response,01/25/2018 12:25:00 PM +0000,47.686755,-122.29493899999999,"(47.686755, -122.294939)",F180009237
344181,12035 Aurora Av N,Aid Response,08/04/2014 01:30:00 PM +0000,47.716784000000004,-122.34488799999998,"(47.716784, -122.344888)",F140082714
636798,21st Av Sw/sw Roxbury St,Aid Response,08/08/2017 12:54:00 PM +0000,47.517362,-122.36053999999999,"(47.517362, -122.36054)",F170081107
506942,309 N 64th St,Aid Response,03/31/2016 02:51:00 PM +0000,47.675231,-122.35524299999999,"(47.675231, -122.355243)",F160035936
391481,4015 Stone Way N,Water Job Minor,01/28/2015 05:09:00 AM +0000,47.655542,-122.342431,"(47.655542, -122.342431)",F150010108
305872,300 Pine St,Aid Response,03/08/2014 12:27:00 AM +0000,47.610743,-122.338702,"(47.610743, -122.338702)",F140023718
299867,3601 Beacon Av S,Medic Response,02/11/2014 06:28:00 AM +0000,47.571923999999996,-122.30825300000001,"(47.571924, -122.308253)",F140015257
263041,86 Pine St,Aid Response,09/07/2013 11:48:00 PM +0000,47.609638000000004,-122.341346,"(47.609638, -122.341346)",F130090756
616259,5300 24th Av Ne,Aid Response,06/01/2017 08:29:00 PM +0000,47.66707,-122.301946,"(47.66707, -122.301946)",F170053966
254781,Ne 74th St / Sportsfield Dr Ne,Aid Response,08/07/2013 03:00:00 AM +0000,47.682137,-122.26039499999999,"(47.682137, -122.260395)",F130078809
658146,1625 S Weller St,Aid Response,10/20/2017 03:39:00 AM +0000,47.597488,-122.31125300000001,"(47.597488, -122.311253)",F170109091
611199,1102 E Spruce St,Aid Response,05/14/2017 02:09:00 PM +0000,47.603517,-122.318076,"(47.603517, -122.318076)",F170047130
670741,2624 E Ward St,Medic Response,12/05/2017 03:28:00 AM +0000,47.627404,-122.298437,"(47.627404, -122.298437)",F170126731
218273,12546 33rd Av Ne,Aid Response,03/18/2013 09:52:00 PM +0000,47.719433,-122.29273,"(47.719433, -122.29273)",F130026138
544480,2021 7th Av,Aid Response,08/08/2016 09:29:00 PM +0000,47.615345,-122.33794099999999,"(47.615345, -122.337941)",F160091074
229778,612 7th Av S,Medic Response,05/05/2013 02:00:00 PM +0000,47.597408,-122.323757,"(47.597408, -122.323757)",F130043113
404269,113 23rd Av S,Aid Response,03/19/2015 10:05:00 PM +0000,47.601649,-122.302324,"(47.601649, -122.302324)",F150029799
185414,415 10th Av,Aid Response,10/31/2012 03:57:00 PM +0000,47.605346000000004,-122.31941299999998,"(47.605346, -122.319413)",F120103759
413834,13201 Aurora Av N,Aid Response,04/26/2015 05:50:00 PM +0000,47.724677,-122.34499299999999,"(47.724677, -122.344993)",F150044559
592318,316 N 36th St,Auto Fire Alarm,03/06/2017 07:58:00 PM +0000,47.652438000000004,-122.355327,"(47.652438, -122.355327)",F170022874
35507,5th Av / Pike St,Aid Response,06/24/2011 11:19:00 PM +0000,47.610678,-122.335574,"(47.610678, -122.335574)",F110056671
197468,Queen Anne Av N / Boston St,Aid Response,12/22/2012 05:22:00 PM +0000,47.638383000000005,-122.356927,"(47.638383, -122.356927)",F120121242
248040,2424 Sw Andover St,Medic Response,07/12/2013 05:39:00 PM +0000,47.568346999999996,-122.363532,"(47.568347, -122.363532)",F130068959
348700,12505 Greenwood Av N,Aid Response,08/18/2014 01:58:00 PM +0000,47.719638,-122.355539,"(47.719638, -122.355539)",F140089237
280534,22nd Av Nw / Nw Market St,Aid Response,11/24/2013 02:59:00 AM +0000,47.668678,-122.38474599999999,"(47.668678, -122.384746)",F130117890
476961,824 Nw 63rd St,Medic Response,12/05/2015 06:51:00 PM +0000,47.674537,-122.366704,"(47.674537, -122.366704)",F150138977
588440,2511 Ne 120th St,Automatic Medical Alarm,01/07/2017 01:41:00 PM +0000,47.715728000000006,-122.301654,"(47.715728, -122.301654)",F170002473
82491,2205 7th Av,Auto Fire Alarm,10/18/2010 04:00:00 PM +0000,47.616626000000004,-122.340108,0,0
226693,313 Pontius Av N,Medic Response,04/22/2013 10:26:00 PM +0000,47.620958,-122.331705,"(47.620958, -122.331705)",F130038545
289086,535 Pontius Av N,Medic Response,12/30/2013 12:51:00 AM +0000,47.62352,-122.33171999999999,"(47.62352, -122.33172)",F130130282
687946,1561 Alaskan Way S,Medic Response,02/05/2018 12:55:00 PM +0000,47.589965,-122.3376,"(47.589965, -122.3376)",F180013120
98186,101 Stewart St,Aid Response,07/22/2010 08:00:00 PM +0000,47.610282,-122.341334,0,0
395514,500 5th Av,Aid Response,02/12/2015 03:17:00 PM +0000,47.602985,-122.328535,"(47.602985, -122.328535)",F150015787
515673,4817 S Lucile St,Aid Response,04/27/2016 06:41:00 AM +0000,47.552634000000005,-122.272493,"(47.552634, -122.272493)",F160047390
222126,1555 Ne Pacific St,Aid Response,04/04/2013 07:03:00 PM +0000,47.652734,-122.31193999999999,"(47.652734, -122.31194)",F130031860
667092,1911 Aurora Av N,Aid Response,11/20/2017 11:29:00 PM +0000,47.640453,-122.34633400000001,"(47.640453, -122.346334)",F170121850
262200,4537 Stanford Av Ne,Automatic Medical Alarm,09/04/2013 08:35:00 PM +0000,47.672026,-122.278842,"(47.672026, -122.278842)",F130089561
287358,9009 Greenwood Av N,Trans to AMR,12/20/2013 09:05:00 AM +0000,47.69429,-122.35533999999998,"(47.69429, -122.35534)",F130127131
319989,2970 Sw Avalon Way,Medic Response,05/03/2014 10:28:00 PM +0000,47.568767,-122.370751,"(47.568767, -122.370751)",F140044329
64792,9455 27th Av Sw,Aid Response,01/23/2011 11:35:00 PM +0000,47.518178000000006,-122.367277,"(47.518178, -122.367277)",F110006988
52191,400 Yesler Way,Investigate Out Of Service,03/30/2011 10:41:00 PM +0000,47.601714,-122.328966,"(47.601714, -122.328966)",F110027775
706039,8340 15th Av Nw,Aid Response,04/10/2018 02:54:00 PM +0000,47.689095,-122.3768,"(47.689095, -122.3768)",F180035886
335459,Queen Anne Av N / W Aloha St,Aid Response,07/02/2014 02:50:00 PM +0000,47.627192,-122.35668999999999,"(47.627192, -122.35669)",F140068964
747598,5941 California Av Sw,Aid Response,08/30/2018 01:15:00 PM +0000,47.549544,-122.38711299999999,"(47.549544, -122.387113)",F180092052
373652,1500 3rd Av,Medic Response,11/20/2014 09:58:00 PM +0000,47.60975,-122.33779299999999,"(47.60975, -122.337793)",F140126995
511353,2127 N 186th St,Investigate Out Of Service,04/13/2016 05:44:00 AM +0000,47.764231,-122.33381999999999,"(47.764231, -122.33382)",B160041336
308668,424 Minor Av N,Aid Response,03/20/2014 01:21:00 AM +0000,47.622242,-122.332995,"(47.622242, -122.332995)",F140027870
658656,5th Av S / S Jackson St,Aid Response,10/22/2017 09:26:00 PM +0000,47.599195,-122.32766699999999,"(47.599195, -122.327667)",F170110063
338853,1300 3rd Av,Rescue Elevator,07/15/2014 01:29:00 AM +0000,47.607763,-122.335976,"(47.607763, -122.335976)",F140074611
13175,4420 36th Av S,Automatic Fire Alarm False,10/01/2011 07:50:00 AM +0000,47.563846000000005,-122.28696000000001,0,F110091465
366496,6500 Sand Point Way Ne,Aid Response,10/24/2014 05:33:00 PM +0000,47.675722,-122.263545,"(47.675722, -122.263545)",F140116228
517670,4505 University Way Ne,Medic Response,05/04/2016 02:54:00 AM +0000,47.661306,-122.313129,"(47.661306, -122.313129)",F160050475
679257,522 28th Av E,Aid Response,01/09/2018 05:46:00 PM +0000,47.623839000000004,-122.296608,"(47.623839, -122.296608)",F180003203
736885,5107 42nd Av S,Medic Response,07/26/2018 01:34:00 PM +0000,47.556164,-122.28073700000002,"(47.556164, -122.280737)",F180078119
712904,59th Av Sw / Sw Admiral Way,Medic Response,05/13/2018 01:47:00 PM +0000,47.575928999999995,-122.40813,"(47.575929, -122.40813)",F180047823
688505,120 6th Av S,Auto Fire Alarm,02/07/2018 11:03:00 AM +0000,47.601539,-122.326352,"(47.601539, -122.326352)",F180013737
182434,4400 Interlake Av N,Auto Fire Alarm,10/18/2012 04:40:00 PM +0000,47.660339,-122.340676,"(47.660339, -122.340676)",F120099324
635691,8334 Rainier Av S,Auto Fire Alarm,08/04/2017 11:33:00 AM +0000,47.529392,-122.26998799999998,"(47.529392, -122.269988)",F170079257
736661,20th Av Nw / Nw 58th St,MVI - Motor Vehicle Incident,07/25/2018 02:47:00 PM +0000,47.670909,-122.382124,"(47.670909, -122.382124)",F180077613
90144,23rd Av / E Yesler Way,Aid Response,09/13/2010 07:36:00 AM +0000,47.601667,-122.30233899999999,0,0
449772,7400 SAND POINT WAY NE,Aid Response,08/29/2015 05:49:00 PM +0000,47.682124,-122.263668,"(47.682124, -122.263668)",F150099031
757498,3621 33rd Av S,Aid Response,10/05/2018 07:49:00 AM +0000,47.571408,-122.291001,"(47.571408, -122.291001)",F180105352
467666,705 E Republican St,Food On The Stove Out,11/02/2015 04:30:00 AM +0000,47.623135999999995,-122.323004,"(47.623136, -122.323004)",F150125687
682165,517 3rd Av,Medic Response,01/14/2018 09:00:00 PM +0000,47.602171999999996,-122.330863,"(47.602172, -122.330863)",F180005065
29594,1525 11th Av,Aid Response,08/02/2011 08:13:00 PM +0000,47.614378,-122.318145,"(47.614378, -122.318145)",F110070234
101474,601 Union St,Medic Response,07/08/2010 11:00:00 AM +0000,47.610155,-122.333545,0,0
712355,410 16th Av,Aid Response,05/04/2018 04:08:00 PM +0000,47.605354,-122.311555,"(47.605354, -122.311555)",F180044386
633304,607 3rd Av,Medic Response,07/28/2017 05:28:00 PM +0000,47.602813,-122.33144899999999,"(47.602813, -122.331449)",F170076374
277531,1922 9th Av,Aid Response,11/11/2013 06:20:00 AM +0000,47.615781,-122.33471499999999,"(47.615781, -122.334715)",F130113550
113820,11355 3rd Av Ne,Aid Response,12/28/2011 07:32:00 PM +0000,47.710969,-122.326017,"(47.710969, -122.326017)",F110119181
69071,10637 Exeter Av Ne,Hang-Up- Aid,01/02/2011 11:52:00 PM +0000,47.706435,-122.27630400000001,"(47.706435, -122.276304)",F110000607
213337,2839 Nw Market St,Aid Response,02/27/2013 02:55:00 AM +0000,47.668654,-122.393175,"(47.668654, -122.393175)",F130019568
193675,4316 Ne 44th St,Aid Response,12/07/2012 01:32:00 AM +0000,47.660581,-122.281224,"(47.660581, -122.281224)",F120115665
209597,12045 Aurora Av N,Aid Response,02/11/2013 04:19:00 PM +0000,47.716844,-122.344889,"(47.716844, -122.344889)",F130014316
278061,9017 2nd Av Nw,Aid Response,11/12/2013 10:59:00 PM +0000,47.694379,-122.359362,"(47.694379, -122.359362)",F130114103
439343,6656 Corson Av S,Aid Response,07/23/2015 10:17:00 AM +0000,47.543889,-122.322604,"(47.543889, -122.322604)",F150082485
520243,3728 14th Av S,Medic Response,05/15/2016 04:13:00 AM +0000,47.570544,-122.31475900000001,"(47.570544, -122.314759)",F160055286
326742,301 E Roy St,Bark Fire,06/01/2014 04:24:00 PM +0000,47.625119,-122.327874,"(47.625119, -122.327874)",F140056106
437570,M L King Jr Way S / Rainier Av S,MVI - Motor Vehicle Incident,07/17/2015 02:17:00 PM +0000,47.576359000000004,-122.29663000000001,"(47.576359, -122.29663)",F150079709
446288,1st Av / Yesler Way,Trans to AMR,08/16/2015 06:25:00 AM +0000,47.601721999999995,-122.334179,"(47.601722, -122.334179)",F150093355
360800,14th Av / E Union St,Motor Vehicle Accident,10/02/2014 09:18:00 AM +0000,47.612916999999996,-122.314167,"(47.612917, -122.314167)",F140107435
273610,400 Nw Puget Dr,Aid Response,10/21/2013 06:39:00 AM +0000,47.709261,-122.361958,"(47.709261, -122.361958)",F130106066
620960,9622 20th Av Sw,Aid Response,06/18/2017 08:40:00 AM +0000,47.517159,-122.35919799999999,"(47.517159, -122.359198)",F170060356
450940,13023 Greenwood Av N,Medic Response,08/31/2015 04:27:00 AM +0000,47.723436,-122.355547,"(47.723436, -122.355547)",F150099933
271108,1635 11th Av,Aid Response,10/10/2013 04:27:00 PM +0000,47.615659,-122.31816599999999,"(47.615659, -122.318166)",F130102505
329270,1200 E Republican St,Alarm Bell,06/10/2014 04:13:00 AM +0000,47.623114,-122.316755,"(47.623114, -122.316755)",F140059793
688656,7536 43rd Av Ne,Aid Response,02/08/2018 10:51:00 AM +0000,47.68336,-122.282044,"(47.68336, -122.282044)",F180014099
578232,1532 MINOR AV,Aid Response,12/03/2016 09:55:00 PM +0000,47.614243,-122.328092,"(47.614243, -122.328092)",F160133740
287019,4719 12th Av Ne,Aid Response,12/19/2013 01:34:00 AM +0000,47.663215,-122.315262,"(47.663215, -122.315262)",F130126565
142139,4515 21st Av Ne,Auto Fire Alarm,05/06/2012 02:22:00 AM +0000,47.661384999999996,-122.305472,"(47.661385, -122.305472)",F120040308
