Zone,Year,Month,Day,Rainfall
1,2014,3,3,0.9928571428571435
2,2014,3,3,0.9100000000000006
3,2014,3,3,0.7442857142857147
1,2014,3,4,0.18
2,2014,3,4,0.19666666666666668
3,2014,3,4,0.32857142857142874
1,2014,3,5,1.3257142857142867
2,2014,3,5,1.4133333333333342
3,2014,3,5,1.2971428571428578
1,2014,3,6,0.8057142857142863
2,2014,3,6,0.7566666666666672
3,2014,3,6,0.7371428571428574
1,2014,3,7,0.0
2,2014,3,7,0.0
3,2014,3,7,0.0
1,2014,3,8,0.6542857142857146
2,2014,3,8,0.686666666666667
3,2014,3,8,0.5900000000000002
1,2014,3,9,0.4900000000000002
2,2014,3,9,0.5133333333333335
3,2014,3,9,0.655714285714286
1,2014,3,10,0.6500000000000004
2,2014,3,10,0.586666666666667
3,2014,3,10,0.6471428571428575
1,2014,3,11,0.0
2,2014,3,11,0.0033333333333333335
3,2014,3,11,0.06999999999999999
1,2014,3,12,0.0014285714285714286
2,2014,3,12,0.0
3,2014,3,12,0.0014285714285714286
1,2014,3,13,0.0
2,2014,3,13,0.0
3,2014,3,13,0.0
1,2014,3,14,0.17285714285714288
2,2014,3,14,0.06333333333333334
3,2014,3,14,0.15
1,2014,3,15,0.0
2,2014,3,15,0.0
3,2014,3,15,0.0
1,2014,3,16,0.8828571428571435
2,2014,3,16,0.7833333333333338
3,2014,3,16,0.7571428571428577
1,2014,3,17,0.5528571428571432
2,2014,3,17,0.5633333333333335
3,2014,3,17,0.5100000000000002
1,2014,3,18,0.0
2,2014,3,18,0.0
3,2014,3,18,0.0
1,2014,3,19,0.07857142857142858
2,2014,3,19,0.0033333333333333335
3,2014,3,19,0.008571428571428572
1,2014,3,20,0.08142857142857142
2,2014,3,20,0.013333333333333334
3,2014,3,20,0.0
1,2014,3,21,0.0
2,2014,3,21,0.0
3,2014,3,21,0.0
1,2014,3,22,0.0
2,2014,3,22,0.0
3,2014,3,22,0.0
1,2014,3,23,0.0
2,2014,3,23,0.0
3,2014,3,23,0.0
1,2014,3,24,0.0
2,2014,3,24,0.0
3,2014,3,24,0.0
1,2014,3,25,0.15714285714285717
2,2014,3,25,0.18666666666666668
3,2014,3,25,0.19714285714285712
1,2014,3,26,0.1642857142857143
2,2014,3,26,0.16333333333333336
3,2014,3,26,0.12285714285714286
1,2014,3,27,0.06714285714285714
2,2014,3,27,0.04666666666666667
3,2014,3,27,0.06142857142857143
1,2014,3,28,0.36571428571428594
2,2014,3,28,0.40333333333333354
3,2014,3,28,0.502857142857143
1,2014,3,29,0.5514285714285716
2,2014,3,29,0.5266666666666668
3,2014,3,29,0.44857142857142873
1,2014,3,30,0.25000000000000006
2,2014,3,30,0.21
3,2014,3,30,0.2
1,2014,3,31,0.0
2,2014,3,31,0.02
3,2014,3,31,0.015714285714285712
1,2014,4,1,0.0
2,2014,4,1,0.0
3,2014,4,1,0.0
1,2014,4,2,0.0
2,2014,4,2,0.0
3,2014,4,2,0.0
1,2014,4,3,0.09142857142857141
2,2014,4,3,0.08666666666666667
3,2014,4,3,0.08714285714285712
1,2014,4,4,0.04142857142857142
2,2014,4,4,0.023333333333333334
3,2014,4,4,0.028571428571428574
1,2014,4,5,0.06571428571428571
2,2014,4,5,0.07666666666666666
3,2014,4,5,0.07714285714285715
1,2014,4,6,0.05571428571428571
2,2014,4,6,0.006666666666666667
3,2014,4,6,0.01
1,2014,4,7,0.0
2,2014,4,7,0.0
3,2014,4,7,0.0
1,2014,4,8,0.20142857142857146
2,2014,4,8,0.2066666666666667
3,2014,4,8,0.21142857142857144
1,2014,4,9,0.11428571428571428
2,2014,4,9,0.12333333333333334
3,2014,4,9,0.10714285714285712
1,2014,4,10,0.0
2,2014,4,10,0.0
3,2014,4,10,0.0
1,2014,4,11,0.0
2,2014,4,11,0.0
3,2014,4,11,0.0
1,2014,4,12,0.0
2,2014,4,12,0.0
3,2014,4,12,0.0
1,2014,4,13,0.0
2,2014,4,13,0.0
3,2014,4,13,0.0
1,2014,4,14,0.0
2,2014,4,14,0.0
3,2014,4,14,0.0
1,2014,4,15,0.04
2,2014,4,15,0.07333333333333332
3,2014,4,15,0.0
1,2014,4,16,0.11285714285714285
2,2014,4,16,0.11666666666666665
3,2014,4,16,0.22142857142857147
1,2014,4,17,0.3600000000000002
2,2014,4,17,0.35666666666666674
3,2014,4,17,0.4114285714285716
1,2014,4,18,0.4814285714285717
2,2014,4,18,0.2900000000000001
3,2014,4,18,0.35714285714285715
1,2014,4,19,0.23714285714285718
2,2014,4,19,0.2433333333333334
3,2014,4,19,0.2914285714285715
1,2014,4,20,0.0
2,2014,4,20,0.0
3,2014,4,20,0.01
1,2014,4,21,0.0
2,2014,4,21,0.0
3,2014,4,21,0.0
1,2014,4,22,0.4385714285714289
2,2014,4,22,0.4700000000000002
3,2014,4,22,0.4500000000000002
1,2014,4,23,0.19571428571428573
2,2014,4,23,0.16333333333333333
3,2014,4,23,0.19285714285714287
1,2014,4,24,0.4942857142857145
2,2014,4,24,0.4500000000000002
3,2014,4,24,0.5742857142857146
1,2014,4,25,0.0
2,2014,4,25,0.0
3,2014,4,25,0.0
1,2014,4,26,0.01
2,2014,4,26,0.0033333333333333335
3,2014,4,26,0.0
1,2014,4,27,0.1928571428571429
2,2014,4,27,0.17333333333333334
3,2014,4,27,0.1985714285714286
1,2014,4,28,0.0
2,2014,4,28,0.0
3,2014,4,28,0.0
1,2014,4,29,0.0
2,2014,4,29,0.0
3,2014,4,29,0.0
1,2014,4,30,0.0
2,2014,4,30,0.0
3,2014,4,30,0.0
1,2014,5,1,0.0
2,2014,5,1,0.0
3,2014,5,1,0.0
1,2014,5,2,0.0
2,2014,5,2,0.0
3,2014,5,2,0.0
1,2014,5,3,0.1842857142857143
2,2014,5,3,0.1666666666666667
3,2014,5,3,0.16428571428571428
1,2014,5,4,1.1957142857142864
2,2014,5,4,1.2866666666666675
3,2014,5,4,1.3428571428571439
1,2014,5,5,0.07714285714285715
2,2014,5,5,0.12333333333333334
3,2014,5,5,0.2871428571428572
1,2014,5,6,0.0
2,2014,5,6,0.0
3,2014,5,6,0.0
1,2014,5,7,0.0
2,2014,5,7,0.0
3,2014,5,7,0.0
1,2014,5,8,0.36714285714285727
2,2014,5,8,0.38666666666666677
3,2014,5,8,0.3442857142857144
1,2014,5,9,0.025714285714285717
2,2014,5,9,0.05000000000000001
3,2014,5,9,0.12142857142857144
1,2014,5,10,0.018571428571428572
2,2014,5,10,0.016666666666666666
3,2014,5,10,0.015714285714285715
1,2014,5,11,0.0
2,2014,5,11,0.0
3,2014,5,11,0.0
1,2014,5,12,0.0
2,2014,5,12,0.0
3,2014,5,12,0.0
1,2014,5,13,0.0
2,2014,5,13,0.0
3,2014,5,13,0.0
1,2014,5,14,0.0
2,2014,5,14,0.0
3,2014,5,14,0.0
1,2014,5,15,0.0
2,2014,5,15,0.0
3,2014,5,15,0.0
1,2014,5,16,0.0
2,2014,5,16,0.0
3,2014,5,16,0.0
1,2014,5,17,0.0
2,2014,5,17,0.0
3,2014,5,17,0.0
1,2014,5,18,0.0
2,2014,5,18,0.0033333333333333335
3,2014,5,18,0.03428571428571429
1,2014,5,19,0.08857142857142859
2,2014,5,19,0.15000000000000005
3,2014,5,19,0.004285714285714286
1,2014,5,20,0.0
2,2014,5,20,0.0
3,2014,5,20,0.0
1,2014,5,21,0.0
2,2014,5,21,0.0
3,2014,5,21,0.0
1,2014,5,22,0.0
2,2014,5,22,0.0
3,2014,5,22,0.0
1,2014,5,23,0.18714285714285714
2,2014,5,23,0.18000000000000002
3,2014,5,23,0.17714285714285713
1,2014,5,24,0.0
2,2014,5,24,0.0
3,2014,5,24,0.0
1,2014,5,25,0.07142857142857142
2,2014,5,25,0.06666666666666667
3,2014,5,25,0.05714285714285715
1,2014,5,26,0.10142857142857142
2,2014,5,26,0.12333333333333334
3,2014,5,26,0.18714285714285722
1,2014,5,27,0.0
2,2014,5,27,0.0
3,2014,5,27,0.0
1,2014,5,28,0.005714285714285714
2,2014,5,28,0.006666666666666667
3,2014,5,28,0.08857142857142856
1,2014,5,29,0.002857142857142857
2,2014,5,29,0.01
3,2014,5,29,0.0014285714285714286
1,2014,5,30,0.0
2,2014,5,30,0.0
3,2014,5,30,0.0
1,2014,5,31,0.0
2,2014,5,31,0.0
3,2014,5,31,0.0
1,2014,6,1,0.0
2,2014,6,1,0.0
3,2014,6,1,0.0
1,2014,6,2,0.0
2,2014,6,2,0.0
3,2014,6,2,0.0
1,2014,6,3,0.0
2,2014,6,3,0.0
3,2014,6,3,0.0
1,2014,6,4,0.0
2,2014,6,4,0.0
3,2014,6,4,0.0
1,2014,6,5,0.0
2,2014,6,5,0.0
3,2014,6,5,0.0
1,2014,6,6,0.0
2,2014,6,6,0.0
3,2014,6,6,0.0
1,2014,6,7,0.0
2,2014,6,7,0.0
3,2014,6,7,0.0
1,2014,6,8,0.0
2,2014,6,8,0.0
3,2014,6,8,0.0
1,2014,6,9,0.03857142857142857
2,2014,6,9,0.0033333333333333335
3,2014,6,9,0.0
1,2014,6,10,0.0
2,2014,6,10,0.0
3,2014,6,10,0.0
1,2014,6,11,0.0
2,2014,6,11,0.0
3,2014,6,11,0.0
1,2014,6,12,0.0
2,2014,6,12,0.0
3,2014,6,12,0.0
1,2014,6,13,0.20142857142857146
2,2014,6,13,0.18333333333333335
3,2014,6,13,0.1985714285714286
1,2014,6,14,0.0
2,2014,6,14,0.0
3,2014,6,14,0.0
1,2014,6,15,0.19571428571428573
2,2014,6,15,0.18666666666666668
3,2014,6,15,0.04714285714285714
1,2014,6,16,0.332857142857143
2,2014,6,16,0.2766666666666668
3,2014,6,16,0.20428571428571432
1,2014,6,17,0.06999999999999999
2,2014,6,17,0.060000000000000005
3,2014,6,17,0.06428571428571428
1,2014,6,18,0.0
2,2014,6,18,0.0
3,2014,6,18,0.0
1,2014,6,19,0.0
2,2014,6,19,0.0
3,2014,6,19,0.0
1,2014,6,20,0.07571428571428572
2,2014,6,20,0.03333333333333333
3,2014,6,20,0.02
1,2014,6,21,0.0
2,2014,6,21,0.0
3,2014,6,21,0.0
1,2014,6,22,0.0
2,2014,6,22,0.0
3,2014,6,22,0.0
1,2014,6,23,0.0
2,2014,6,23,0.0
3,2014,6,23,0.0
1,2014,6,24,0.017142857142857144
2,2014,6,24,0.023333333333333334
3,2014,6,24,0.0071428571428571435
1,2014,6,25,0.0
2,2014,6,25,0.0
3,2014,6,25,0.0
1,2014,6,26,0.018571428571428572
2,2014,6,26,0.0
3,2014,6,26,0.0
1,2014,6,27,0.10714285714285714
2,2014,6,27,0.10333333333333333
3,2014,6,27,0.05
1,2014,6,28,0.06142857142857144
2,2014,6,28,0.05666666666666667
3,2014,6,28,0.030000000000000002
1,2014,6,29,0.0
2,2014,6,29,0.0
3,2014,6,29,0.0
1,2014,6,30,0.0
2,2014,6,30,0.0
3,2014,6,30,0.0
1,2014,7,1,0.0
2,2014,7,1,0.0
3,2014,7,1,0.0
1,2014,7,2,0.0
2,2014,7,2,0.0
3,2014,7,2,0.0
1,2014,7,3,0.0
2,2014,7,3,0.0
3,2014,7,3,0.0
1,2014,7,4,0.0
2,2014,7,4,0.0
3,2014,7,4,0.0
1,2014,7,5,0.005714285714285714
2,2014,7,5,0.0
3,2014,7,5,0.0
1,2014,7,6,0.0
2,2014,7,6,0.0
3,2014,7,6,0.0
1,2014,7,7,0.0
2,2014,7,7,0.0
3,2014,7,7,0.0
1,2014,7,8,0.0
2,2014,7,8,0.0
3,2014,7,8,0.0
1,2014,7,9,0.0
2,2014,7,9,0.0
3,2014,7,9,0.0
1,2014,7,10,0.0
2,2014,7,10,0.0
3,2014,7,10,0.0
1,2014,7,11,0.0
2,2014,7,11,0.0
3,2014,7,11,0.0
1,2014,7,12,0.0
2,2014,7,12,0.0
3,2014,7,12,0.0
1,2014,7,13,0.0
2,2014,7,13,0.0
3,2014,7,13,0.0
1,2014,7,14,0.0
2,2014,7,14,0.0
3,2014,7,14,0.0
1,2014,7,15,0.0
2,2014,7,15,0.0
3,2014,7,15,0.0
1,2014,7,16,0.0
2,2014,7,16,0.0
3,2014,7,16,0.0
1,2014,7,17,0.0
2,2014,7,17,0.0
3,2014,7,17,0.0
1,2014,7,18,0.0
2,2014,7,18,0.0
3,2014,7,18,0.0
1,2014,7,19,0.0
2,2014,7,19,0.0
3,2014,7,19,0.0
1,2014,7,20,0.18285714285714283
2,2014,7,20,0.1366666666666667
3,2014,7,20,0.005714285714285714
1,2014,7,21,0.014285714285714287
2,2014,7,21,0.013333333333333334
3,2014,7,21,0.017142857142857144
1,2014,7,22,0.002857142857142857
2,2014,7,22,0.0
3,2014,7,22,0.0014285714285714286
1,2014,7,23,0.8171428571428575
2,2014,7,23,0.586666666666667
3,2014,7,23,0.6971428571428575
1,2014,7,24,0.11285714285714288
2,2014,7,24,0.056666666666666664
3,2014,7,24,0.06571428571428571
1,2014,7,25,0.0
2,2014,7,25,0.0
3,2014,7,25,0.0
1,2014,7,26,0.0
2,2014,7,26,0.0
3,2014,7,26,0.0
1,2014,7,27,0.0
2,2014,7,27,0.0
3,2014,7,27,0.0
1,2014,7,28,0.0
2,2014,7,28,0.0
3,2014,7,28,0.0
1,2014,7,29,0.0
2,2014,7,29,0.0
3,2014,7,29,0.0
1,2014,7,30,0.0
2,2014,7,30,0.0
3,2014,7,30,0.0
1,2014,7,31,0.0
2,2014,7,31,0.0
3,2014,7,31,0.0
1,2014,8,1,0.0
2,2014,8,1,0.0
3,2014,8,1,0.0
1,2014,8,2,0.022857142857142857
2,2014,8,2,0.016666666666666666
3,2014,8,2,0.04142857142857143
1,2014,8,3,0.0
2,2014,8,3,0.0
3,2014,8,3,0.0
1,2014,8,4,0.0
2,2014,8,4,0.0
3,2014,8,4,0.0
1,2014,8,5,0.0
2,2014,8,5,0.0
3,2014,8,5,0.0
1,2014,8,6,0.0
2,2014,8,6,0.0
3,2014,8,6,0.0
1,2014,8,7,0.0
2,2014,8,7,0.0
3,2014,8,7,0.0
1,2014,8,8,0.0
2,2014,8,8,0.0
3,2014,8,8,0.0
1,2014,8,9,0.0
2,2014,8,9,0.0
3,2014,8,9,0.0
1,2014,8,10,0.0
2,2014,8,10,0.0
3,2014,8,10,0.0
1,2014,8,11,0.0
2,2014,8,11,0.0
3,2014,8,11,0.0
1,2014,8,12,0.02428571428571429
2,2014,8,12,0.036666666666666674
3,2014,8,12,0.017142857142857144
1,2014,8,13,0.9214285714285719
2,2014,8,13,0.9900000000000005
3,2014,8,13,0.9357142857142862
1,2014,8,14,0.0
2,2014,8,14,0.0
3,2014,8,14,0.0
1,2014,8,15,0.06571428571428571
2,2014,8,15,0.03333333333333333
3,2014,8,15,0.025714285714285714
1,2014,8,16,0.0
2,2014,8,16,0.0
3,2014,8,16,0.0
1,2014,8,17,0.0
2,2014,8,17,0.0
3,2014,8,17,0.0
1,2014,8,18,0.0
2,2014,8,18,0.0
3,2014,8,18,0.0
1,2014,8,19,0.0
2,2014,8,19,0.0
3,2014,8,19,0.0
1,2014,8,20,0.0
2,2014,8,20,0.0
3,2014,8,20,0.0
1,2014,8,21,0.0
2,2014,8,21,0.0
3,2014,8,21,0.0
1,2014,8,22,0.0
2,2014,8,22,0.0
3,2014,8,22,0.0
1,2014,8,23,0.0
2,2014,8,23,0.0
3,2014,8,23,0.0
1,2014,8,24,0.0
2,2014,8,24,0.0
3,2014,8,24,0.0
1,2014,8,25,0.0
2,2014,8,25,0.0
3,2014,8,25,0.0
1,2014,8,26,0.0
2,2014,8,26,0.0
3,2014,8,26,0.0
1,2014,8,27,0.0
2,2014,8,27,0.0
3,2014,8,27,0.0
1,2014,8,28,0.0
2,2014,8,28,0.0
3,2014,8,28,0.0
1,2014,8,29,0.0
2,2014,8,29,0.0
3,2014,8,29,0.0
1,2014,8,30,0.09714285714285713
2,2014,8,30,0.14
3,2014,8,30,0.1742857142857143
1,2014,8,31,0.3114285714285715
2,2014,8,31,0.06
3,2014,8,31,0.09714285714285716
1,2014,9,1,0.0
2,2014,9,1,0.0
3,2014,9,1,0.0
1,2014,9,2,0.0
2,2014,9,2,0.0
3,2014,9,2,0.0
1,2014,9,3,0.43571428571428583
2,2014,9,3,0.7733333333333335
3,2014,9,3,0.22714285714285717
1,2014,9,4,0.0
2,2014,9,4,0.0
3,2014,9,4,0.0
1,2014,9,5,0.0
2,2014,9,5,0.0
3,2014,9,5,0.0
1,2014,9,6,0.0
2,2014,9,6,0.0
3,2014,9,6,0.0
1,2014,9,7,0.0
2,2014,9,7,0.0
3,2014,9,7,0.0
1,2014,9,8,0.0
2,2014,9,8,0.0
3,2014,9,8,0.0
1,2014,9,9,0.027142857142857142
2,2014,9,9,0.08666666666666667
3,2014,9,9,0.03571428571428571
1,2014,9,10,0.0
2,2014,9,10,0.0
3,2014,9,10,0.0
1,2014,9,11,0.0
2,2014,9,11,0.0
3,2014,9,11,0.0
1,2014,9,12,0.0
2,2014,9,12,0.0
3,2014,9,12,0.0
1,2014,9,13,0.0
2,2014,9,13,0.0
3,2014,9,13,0.0
1,2014,9,14,0.0
2,2014,9,14,0.0
3,2014,9,14,0.0
1,2014,9,15,0.0
2,2014,9,15,0.0
3,2014,9,15,0.0
1,2014,9,16,0.0
2,2014,9,16,0.0
3,2014,9,16,0.0
1,2014,9,17,0.0
2,2014,9,17,0.0
3,2014,9,17,0.0
1,2014,9,18,0.08
2,2014,9,18,0.053333333333333344
3,2014,9,18,0.03142857142857143
1,2014,9,19,0.0
2,2014,9,19,0.0
3,2014,9,19,0.0
1,2014,9,20,0.0
2,2014,9,20,0.0
3,2014,9,20,0.0
1,2014,9,21,0.0
2,2014,9,21,0.0
3,2014,9,21,0.0
1,2014,9,22,0.0
2,2014,9,22,0.0
3,2014,9,22,0.0
1,2014,9,23,0.041428571428571426
2,2014,9,23,0.04
3,2014,9,23,0.037142857142857144
1,2014,9,24,1.4442857142857153
2,2014,9,24,1.4933333333333343
3,2014,9,24,1.5642857142857152
1,2014,9,25,0.21999999999999997
2,2014,9,25,0.14333333333333337
3,2014,9,25,0.1642857142857143
1,2014,9,26,0.2985714285714286
2,2014,9,26,0.25666666666666665
3,2014,9,26,0.25142857142857145
1,2014,9,27,0.025714285714285714
2,2014,9,27,0.01
3,2014,9,27,0.0014285714285714286
1,2014,9,28,0.0014285714285714286
2,2014,9,28,0.0033333333333333335
3,2014,9,28,0.0
1,2014,9,29,0.03571428571428571
2,2014,9,29,0.04
3,2014,9,29,0.014285714285714285
1,2014,9,30,0.18000000000000002
2,2014,9,30,0.19333333333333336
3,2014,9,30,0.18285714285714286
1,2014,10,1,0.0
2,2014,10,1,0.0
3,2014,10,1,0.0
1,2014,10,2,0.0
2,2014,10,2,0.0
3,2014,10,2,0.0
1,2014,10,3,0.0
2,2014,10,3,0.0
3,2014,10,3,0.0
1,2014,10,4,0.0
2,2014,10,4,0.0
3,2014,10,4,0.0
1,2014,10,5,0.0
2,2014,10,5,0.0
3,2014,10,5,0.0
1,2014,10,6,0.0
2,2014,10,6,0.0
3,2014,10,6,0.0
1,2014,10,7,0.0014285714285714286
2,2014,10,7,0.0
3,2014,10,7,0.002857142857142857
1,2014,10,8,0.0
2,2014,10,8,0.0
3,2014,10,8,0.0
1,2014,10,9,0.002857142857142857
2,2014,10,9,0.0033333333333333335
3,2014,10,9,0.005714285714285714
1,2014,10,10,0.004285714285714286
2,2014,10,10,0.01
3,2014,10,10,0.005714285714285714
1,2014,10,11,0.037142857142857144
2,2014,10,11,0.26
3,2014,10,11,0.1457142857142857
1,2014,10,12,0.13999999999999999
2,2014,10,12,0.03
3,2014,10,12,0.2085714285714286
1,2014,10,13,0.0071428571428571435
2,2014,10,13,0.0033333333333333335
3,2014,10,13,0.002857142857142857
1,2014,10,14,0.6228571428571431
2,2014,10,14,0.6300000000000003
3,2014,10,14,0.6357142857142859
1,2014,10,15,0.4042857142857144
2,2014,10,15,0.4033333333333335
3,2014,10,15,0.40571428571428586
1,2014,10,16,0.015714285714285715
2,2014,10,16,0.03
3,2014,10,16,0.018571428571428572
1,2014,10,17,0.1442857142857143
2,2014,10,17,0.1333333333333333
3,2014,10,17,0.12428571428571426
1,2014,10,18,0.23571428571428577
2,2014,10,18,0.18666666666666668
3,2014,10,18,0.3171428571428572
1,2014,10,19,0.0
2,2014,10,19,0.0
3,2014,10,19,0.0
1,2014,10,20,0.22714285714285717
2,2014,10,20,0.23666666666666672
3,2014,10,20,0.25428571428571434
1,2014,10,21,0.18857142857142858
2,2014,10,21,0.19666666666666668
3,2014,10,21,0.25428571428571434
1,2014,10,22,1.1842857142857153
2,2014,10,22,1.1300000000000008
3,2014,10,22,1.0585714285714292
1,2014,10,23,0.5214285714285716
2,2014,10,23,0.6266666666666668
3,2014,10,23,0.5671428571428573
1,2014,10,24,0.011428571428571429
2,2014,10,24,0.02666666666666667
3,2014,10,24,0.032857142857142856
1,2014,10,25,0.435714285714286
2,2014,10,25,0.4066666666666669
3,2014,10,25,0.32142857142857156
1,2014,10,26,0.1642857142857143
2,2014,10,26,0.20000000000000004
3,2014,10,26,0.2971428571428572
1,2014,10,27,0.0
2,2014,10,27,0.0
3,2014,10,27,0.0
1,2014,10,28,0.658571428571429
2,2014,10,28,0.5533333333333336
3,2014,10,28,0.44285714285714306
1,2014,10,29,0.13999999999999999
2,2014,10,29,0.10999999999999999
3,2014,10,29,0.08285714285714287
1,2014,10,30,0.3485714285714287
2,2014,10,30,0.3400000000000001
3,2014,10,30,0.37428571428571444
1,2014,10,31,1.2171428571428582
2,2014,10,31,1.213333333333334
3,2014,10,31,1.0371428571428578
1,2014,11,1,0.1442857142857143
2,2014,11,1,0.006666666666666667
3,2014,11,1,0.0
1,2014,11,2,0.07857142857142858
2,2014,11,2,0.07666666666666667
3,2014,11,2,0.07142857142857142
1,2014,11,3,0.2828571428571429
2,2014,11,3,0.20000000000000004
3,2014,11,3,0.11142857142857143
1,2014,11,4,0.21
2,2014,11,4,0.16333333333333333
3,2014,11,4,0.24000000000000002
1,2014,11,5,0.04428571428571428
2,2014,11,5,0.06333333333333334
3,2014,11,5,0.07428571428571429
1,2014,11,6,0.7414285714285718
2,2014,11,6,0.7933333333333338
3,2014,11,6,0.45714285714285735
1,2014,11,7,0.0
2,2014,11,7,0.0
3,2014,11,7,0.011428571428571429
1,2014,11,8,0.0
2,2014,11,8,0.0
3,2014,11,8,0.0
1,2014,11,9,0.13428571428571429
2,2014,11,9,0.13333333333333333
3,2014,11,9,0.19571428571428573
1,2014,11,10,0.049999999999999996
2,2014,11,10,0.053333333333333344
3,2014,11,10,0.06285714285714286
1,2014,11,11,0.0
2,2014,11,11,0.0
3,2014,11,11,0.0
1,2014,11,12,0.0
2,2014,11,12,0.0
3,2014,11,12,0.0
1,2014,11,13,0.0
2,2014,11,13,0.0
3,2014,11,13,0.0
1,2014,11,14,0.0
2,2014,11,14,0.0
3,2014,11,14,0.0
1,2014,11,15,0.0
2,2014,11,15,0.0
3,2014,11,15,0.0
1,2014,11,16,0.0
2,2014,11,16,0.0
3,2014,11,16,0.0
1,2014,11,17,0.0
2,2014,11,17,0.0
3,2014,11,17,0.0
1,2014,11,18,0.0
2,2014,11,18,0.0
3,2014,11,18,0.0
1,2014,11,19,0.0
2,2014,11,19,0.0
3,2014,11,19,0.0
1,2014,11,20,0.09
2,2014,11,20,0.09999999999999999
3,2014,11,20,0.09714285714285711
1,2014,11,21,0.5300000000000002
2,2014,11,21,0.5700000000000003
3,2014,11,21,0.5414285714285717
1,2014,11,22,0.14857142857142858
2,2014,11,22,0.15333333333333335
3,2014,11,22,0.18285714285714288
1,2014,11,23,0.54
2,2014,11,23,0.5200000000000001
3,2014,11,23,0.41714285714285715
1,2014,11,24,0.0071428571428571435
2,2014,11,24,0.0033333333333333335
3,2014,11,24,0.0
1,2014,11,25,0.27428571428571435
2,2014,11,25,0.2533333333333334
3,2014,11,25,0.362857142857143
1,2014,11,26,0.002857142857142857
2,2014,11,26,0.0033333333333333335
3,2014,11,26,0.002857142857142857
1,2014,11,27,0.022857142857142857
2,2014,11,27,0.023333333333333334
3,2014,11,27,0.018571428571428572
1,2014,11,28,1.3728571428571439
2,2014,11,28,1.4766666666666677
3,2014,11,28,1.2428571428571435
1,2014,11,29,0.25142857142857145
2,2014,11,29,0.2433333333333334
3,2014,11,29,0.21000000000000005
1,2014,11,30,0.02714285714285714
2,2014,11,30,0.016666666666666666
3,2014,11,30,0.002857142857142857
1,2014,12,1,0.0014285714285714286
2,2014,12,1,0.0033333333333333335
3,2014,12,1,0.0
1,2014,12,2,0.0
2,2014,12,2,0.0033333333333333335
3,2014,12,2,0.0014285714285714286
1,2014,12,3,0.0
2,2014,12,3,0.0
3,2014,12,3,0.0
1,2014,12,4,0.038571428571428576
2,2014,12,4,0.03
3,2014,12,4,0.019999999999999997
1,2014,12,5,0.17142857142857143
2,2014,12,5,0.16666666666666666
3,2014,12,5,0.15142857142857144
1,2014,12,6,0.24285714285714294
2,2014,12,6,0.25666666666666677
3,2014,12,6,0.2585714285714286
1,2014,12,7,0.02142857142857143
2,2014,12,7,0.01
3,2014,12,7,0.0014285714285714286
1,2014,12,8,0.09285714285714286
2,2014,12,8,0.09999999999999999
3,2014,12,8,0.08
1,2014,12,9,0.8128571428571434
2,2014,12,9,0.7933333333333339
3,2014,12,9,0.7014285714285717
1,2014,12,10,0.748571428571429
2,2014,12,10,0.7333333333333337
3,2014,12,10,0.6000000000000003
1,2014,12,11,0.48000000000000015
2,2014,12,11,0.5000000000000002
3,2014,12,11,0.39142857142857157
1,2014,12,12,0.055714285714285716
2,2014,12,12,0.06666666666666667
3,2014,12,12,0.05142857142857144
1,2014,12,13,0.002857142857142857
2,2014,12,13,0.0
3,2014,12,13,0.015714285714285715
1,2014,12,14,0.004285714285714286
2,2014,12,14,0.006666666666666667
3,2014,12,14,0.0
1,2014,12,15,0.0
2,2014,12,15,0.0
3,2014,12,15,0.0
1,2014,12,16,0.005714285714285714
2,2014,12,16,0.01
3,2014,12,16,0.0071428571428571435
1,2014,12,17,0.08571428571428572
2,2014,12,17,0.07666666666666666
3,2014,12,17,0.09142857142857143
1,2014,12,18,0.16428571428571428
2,2014,12,18,0.19666666666666668
3,2014,12,18,0.17857142857142858
1,2014,12,19,0.6128571428571431
2,2014,12,19,0.5933333333333336
3,2014,12,19,0.5514285714285717
1,2014,12,20,0.6200000000000003
2,2014,12,20,0.666666666666667
3,2014,12,20,0.658571428571429
1,2014,12,21,0.018571428571428572
2,2014,12,21,0.02
3,2014,12,21,0.04714285714285714
1,2014,12,22,0.0
2,2014,12,22,0.0
3,2014,12,22,0.0
1,2014,12,23,0.33857142857142863
2,2014,12,23,0.3066666666666667
3,2014,12,23,0.16714285714285712
1,2014,12,24,0.8385714285714291
2,2014,12,24,1.0100000000000007
3,2014,12,24,0.9557142857142863
1,2014,12,25,0.09857142857142857
2,2014,12,25,0.0033333333333333335
3,2014,12,25,0.0
1,2014,12,26,0.0
2,2014,12,26,0.0
3,2014,12,26,0.0
1,2014,12,27,0.20142857142857146
2,2014,12,27,0.17333333333333334
3,2014,12,27,0.13142857142857142
1,2014,12,28,0.042857142857142864
2,2014,12,28,0.023333333333333334
3,2014,12,28,0.09857142857142857
1,2014,12,29,0.011428571428571429
2,2014,12,29,0.0033333333333333335
3,2014,12,29,0.014285714285714287
1,2014,12,30,0.0
2,2014,12,30,0.0
3,2014,12,30,0.0
1,2014,12,31,0.0
2,2014,12,31,0.0
3,2014,12,31,0.0
1,2015,1,1,0.0
2,2015,1,1,0.0
3,2015,1,1,0.0
1,2015,1,2,0.0
2,2015,1,2,0.0
3,2015,1,2,0.0
1,2015,1,3,0.021428571428571432
2,2015,1,3,0.04
3,2015,1,3,0.048571428571428564
1,2015,1,4,0.17857142857142858
2,2015,1,4,0.18000000000000002
3,2015,1,4,0.16714285714285712
1,2015,1,5,0.2728571428571429
2,2015,1,5,0.14
3,2015,1,5,0.19571428571428573
1,2015,1,6,0.0014285714285714286
2,2015,1,6,0.0
3,2015,1,6,0.0014285714285714286
1,2015,1,7,0.0071428571428571435
2,2015,1,7,0.0033333333333333335
3,2015,1,7,0.002857142857142857
1,2015,1,8,0.0
2,2015,1,8,0.0
3,2015,1,8,0.0
1,2015,1,9,0.0014285714285714286
2,2015,1,9,0.006666666666666667
3,2015,1,9,0.004285714285714286
1,2015,1,10,0.09285714285714285
2,2015,1,10,0.14333333333333334
3,2015,1,10,0.15714285714285717
1,2015,1,11,0.04285714285714286
2,2015,1,11,0.04666666666666667
3,2015,1,11,0.05714285714285715
1,2015,1,12,0.041428571428571426
2,2015,1,12,0.023333333333333334
3,2015,1,12,0.024285714285714282
1,2015,1,13,0.002857142857142857
2,2015,1,13,0.0
3,2015,1,13,0.0014285714285714286
1,2015,1,14,0.004285714285714286
2,2015,1,14,0.006666666666666667
3,2015,1,14,0.0
1,2015,1,15,0.06714285714285714
2,2015,1,15,0.05666666666666667
3,2015,1,15,0.03571428571428571
1,2015,1,16,0.40857142857142875
2,2015,1,16,0.42333333333333356
3,2015,1,16,0.412857142857143
1,2015,1,17,0.06571428571428571
2,2015,1,17,0.10333333333333332
3,2015,1,17,0.1257142857142857
1,2015,1,18,1.0828571428571434
2,2015,1,18,1.4033333333333342
3,2015,1,18,1.0785714285714294
1,2015,1,19,0.0014285714285714286
2,2015,1,19,0.0033333333333333335
3,2015,1,19,0.05714285714285714
1,2015,1,20,0.0014285714285714286
2,2015,1,20,0.0033333333333333335
3,2015,1,20,0.025714285714285714
1,2015,1,21,0.004285714285714286
2,2015,1,21,0.0033333333333333335
3,2015,1,21,0.004285714285714286
1,2015,1,22,0.03
2,2015,1,22,0.023333333333333334
3,2015,1,22,0.012857142857142857
1,2015,1,23,0.09571428571428571
2,2015,1,23,0.06333333333333334
3,2015,1,23,0.07285714285714286
1,2015,1,24,0.01
2,2015,1,24,0.01
3,2015,1,24,0.04285714285714286
1,2015,1,25,0.0
2,2015,1,25,0.0
3,2015,1,25,0.0
1,2015,1,26,0.005714285714285714
2,2015,1,26,0.006666666666666667
3,2015,1,26,0.004285714285714286
1,2015,1,27,0.015714285714285715
2,2015,1,27,0.0033333333333333335
3,2015,1,27,0.0071428571428571435
1,2015,1,28,0.08285714285714285
2,2015,1,28,0.10999999999999999
3,2015,1,28,0.022857142857142857
1,2015,1,29,0.0014285714285714286
2,2015,1,29,0.0033333333333333335
3,2015,1,29,0.0014285714285714286
1,2015,1,30,0.004285714285714286
2,2015,1,30,0.0
3,2015,1,30,0.002857142857142857
1,2015,1,31,0.002857142857142857
2,2015,1,31,0.006666666666666667
3,2015,1,31,0.005714285714285714
1,2015,2,1,0.027142857142857142
2,2015,2,1,0.03
3,2015,2,1,0.038571428571428576
1,2015,2,2,0.28857142857142865
2,2015,2,2,0.37333333333333346
3,2015,2,2,0.3185714285714286
1,2015,2,3,0.06285714285714286
2,2015,2,3,0.08333333333333333
3,2015,2,3,0.03
1,2015,2,4,0.012857142857142857
2,2015,2,4,0.02
3,2015,2,4,0.02714285714285714
1,2015,2,5,0.7871428571428576
2,2015,2,5,0.8433333333333338
3,2015,2,5,0.8914285714285721
1,2015,2,6,0.9671428571428576
2,2015,2,6,0.983333333333334
3,2015,2,6,1.1185714285714294
1,2015,2,7,0.6628571428571431
2,2015,2,7,0.7300000000000004
3,2015,2,7,0.6728571428571433
1,2015,2,8,0.16142857142857145
2,2015,2,8,0.12333333333333334
3,2015,2,8,0.19142857142857145
1,2015,2,9,0.23857142857142863
2,2015,2,9,0.2633333333333334
3,2015,2,9,0.22571428571428576
1,2015,2,10,0.13285714285714287
2,2015,2,10,0.12333333333333334
3,2015,2,10,0.11
1,2015,2,11,0.0014285714285714286
2,2015,2,11,0.0033333333333333335
3,2015,2,11,0.0
1,2015,2,12,0.014285714285714285
2,2015,2,12,0.01
3,2015,2,12,0.014285714285714287
1,2015,2,13,0.0
2,2015,2,13,0.0
3,2015,2,13,0.0
1,2015,2,14,0.024285714285714282
2,2015,2,14,0.016666666666666666
3,2015,2,14,0.039999999999999994
1,2015,2,15,0.0
2,2015,2,15,0.0
3,2015,2,15,0.0
1,2015,2,16,0.004285714285714286
2,2015,2,16,0.0
3,2015,2,16,0.0
1,2015,2,17,0.0
2,2015,2,17,0.0
3,2015,2,17,0.0
1,2015,2,18,0.0
2,2015,2,18,0.0
3,2015,2,18,0.0
1,2015,2,19,0.03
2,2015,2,19,0.03333333333333333
3,2015,2,19,0.025714285714285714
1,2015,2,20,0.03428571428571429
2,2015,2,20,0.06
3,2015,2,20,0.04428571428571428
1,2015,2,21,0.0014285714285714286
2,2015,2,21,0.01
3,2015,2,21,0.005714285714285714
1,2015,2,22,0.0
2,2015,2,22,0.0
3,2015,2,22,0.0
1,2015,2,23,0.0
2,2015,2,23,0.0
3,2015,2,23,0.0
1,2015,2,24,0.0
2,2015,2,24,0.0
3,2015,2,24,0.0
1,2015,2,25,0.004285714285714286
2,2015,2,25,0.0
3,2015,2,25,0.02428571428571429
1,2015,2,26,0.055714285714285716
2,2015,2,26,0.03333333333333333
3,2015,2,26,0.06
1,2015,2,27,0.7714285714285719
2,2015,2,27,0.7933333333333339
3,2015,2,27,0.8814285714285719
1,2015,2,28,0.0
2,2015,2,28,0.0
3,2015,2,28,0.0
1,2015,3,1,0.0
2,2015,3,1,0.0
3,2015,3,1,0.0
1,2015,3,2,0.0
2,2015,3,2,0.0
3,2015,3,2,0.0
1,2015,3,3,0.0
2,2015,3,3,0.0
3,2015,3,3,0.0
1,2015,3,4,0.0
2,2015,3,4,0.0
3,2015,3,4,0.0
1,2015,3,5,0.0
2,2015,3,5,0.0
3,2015,3,5,0.0
1,2015,3,6,0.0
2,2015,3,6,0.0
3,2015,3,6,0.0
1,2015,3,7,0.0
2,2015,3,7,0.0
3,2015,3,7,0.0
1,2015,3,8,0.0
2,2015,3,8,0.0
3,2015,3,8,0.0
1,2015,3,9,0.0
2,2015,3,9,0.0
3,2015,3,9,0.0
1,2015,3,10,0.0
2,2015,3,10,0.0
3,2015,3,10,0.0
1,2015,3,11,0.03
2,2015,3,11,0.03333333333333333
3,2015,3,11,0.06142857142857144
1,2015,3,12,0.04857142857142858
2,2015,3,12,0.04666666666666667
3,2015,3,12,0.027142857142857142
1,2015,3,13,0.0
2,2015,3,13,0.0
3,2015,3,13,0.0
1,2015,3,14,0.6442857142857147
2,2015,3,14,0.6833333333333337
3,2015,3,14,0.7228571428571434
1,2015,3,15,1.4671428571428584
2,2015,3,15,1.6733333333333344
3,2015,3,15,1.5614285714285725
1,2015,3,16,0.8614285714285719
2,2015,3,16,0.9733333333333339
3,2015,3,16,0.9457142857142861
1,2015,3,17,0.0071428571428571435
2,2015,3,17,0.006666666666666667
3,2015,3,17,0.018571428571428572
1,2015,3,18,0.0071428571428571435
2,2015,3,18,0.0033333333333333335
3,2015,3,18,0.002857142857142857
1,2015,3,19,0.0
2,2015,3,19,0.0
3,2015,3,19,0.0
1,2015,3,20,0.10857142857142855
2,2015,3,20,0.10333333333333332
3,2015,3,20,0.08571428571428572
1,2015,3,21,0.047142857142857146
2,2015,3,21,0.06333333333333334
3,2015,3,21,0.18285714285714286
1,2015,3,22,0.04285714285714286
2,2015,3,22,0.05000000000000001
3,2015,3,22,0.049999999999999996
1,2015,3,23,0.12571428571428572
2,2015,3,23,0.12999999999999998
3,2015,3,23,0.19142857142857145
1,2015,3,24,0.3042857142857144
2,2015,3,24,0.47666666666666685
3,2015,3,24,0.30142857142857155
1,2015,3,25,0.15714285714285717
2,2015,3,25,0.16
3,2015,3,25,0.15142857142857144
1,2015,3,26,0.008571428571428572
2,2015,3,26,0.0
3,2015,3,26,0.024285714285714282
1,2015,3,27,0.0
2,2015,3,27,0.0
3,2015,3,27,0.0
1,2015,3,28,0.02
2,2015,3,28,0.01
3,2015,3,28,0.017142857142857144
1,2015,3,29,0.0
2,2015,3,29,0.0
3,2015,3,29,0.0
1,2015,3,30,0.0
2,2015,3,30,0.0
3,2015,3,30,0.0
1,2015,3,31,0.4085714285714287
2,2015,3,31,0.12
3,2015,3,31,0.19857142857142857
1,2015,4,1,0.14285714285714288
2,2015,4,1,0.2266666666666667
3,2015,4,1,0.18142857142857147
1,2015,4,2,0.1785714285714286
2,2015,4,2,0.13
3,2015,4,2,0.08571428571428573
1,2015,4,3,0.021428571428571432
2,2015,4,3,0.02
3,2015,4,3,0.03571428571428571
1,2015,4,4,0.0
2,2015,4,4,0.0
3,2015,4,4,0.0
1,2015,4,5,0.0
2,2015,4,5,0.0
3,2015,4,5,0.0
1,2015,4,6,0.0
2,2015,4,6,0.0
3,2015,4,6,0.0
1,2015,4,7,0.0
2,2015,4,7,0.0
3,2015,4,7,0.008571428571428572
1,2015,4,8,0.012857142857142857
2,2015,4,8,0.01
3,2015,4,8,0.0
1,2015,4,9,0.0
2,2015,4,9,0.0
3,2015,4,9,0.0
1,2015,4,10,0.004285714285714286
2,2015,4,10,0.016666666666666666
3,2015,4,10,0.021428571428571432
1,2015,4,11,0.33571428571428585
2,2015,4,11,0.4033333333333335
3,2015,4,11,0.43142857142857155
1,2015,4,12,0.0014285714285714286
2,2015,4,12,0.0
3,2015,4,12,0.0
1,2015,4,13,0.24000000000000002
2,2015,4,13,0.09666666666666666
3,2015,4,13,0.13142857142857142
1,2015,4,14,0.22142857142857147
2,2015,4,14,0.44666666666666693
3,2015,4,14,0.4328571428571431
1,2015,4,15,0.004285714285714286
2,2015,4,15,0.06
3,2015,4,15,0.022857142857142857
1,2015,4,16,0.0
2,2015,4,16,0.0
3,2015,4,16,0.0
1,2015,4,17,0.0
2,2015,4,17,0.0
3,2015,4,17,0.0
1,2015,4,18,0.0
2,2015,4,18,0.0
3,2015,4,18,0.0
1,2015,4,19,0.0
2,2015,4,19,0.0
3,2015,4,19,0.0
1,2015,4,20,0.0
2,2015,4,20,0.0
3,2015,4,20,0.0
1,2015,4,21,0.0
2,2015,4,21,0.0
3,2015,4,21,0.0
1,2015,4,22,0.15285714285714286
2,2015,4,22,0.18000000000000002
3,2015,4,22,0.17
1,2015,4,23,0.06999999999999999
2,2015,4,23,0.06999999999999999
3,2015,4,23,0.08857142857142855
1,2015,4,24,0.052857142857142866
2,2015,4,24,0.09999999999999999
3,2015,4,24,0.14142857142857143
1,2015,4,25,0.048571428571428564
2,2015,4,25,0.0033333333333333335
3,2015,4,25,0.019999999999999997
1,2015,4,26,0.0
2,2015,4,26,0.0
3,2015,4,26,0.0
1,2015,4,27,0.0
2,2015,4,27,0.0
3,2015,4,27,0.0
1,2015,4,28,0.038571428571428576
2,2015,4,28,0.013333333333333334
3,2015,4,28,0.008571428571428572
1,2015,4,29,0.09857142857142855
2,2015,4,29,0.10333333333333333
3,2015,4,29,0.09571428571428572
1,2015,4,30,0.0
2,2015,4,30,0.0
3,2015,4,30,0.0
1,2015,5,1,0.0
2,2015,5,1,0.0
3,2015,5,1,0.0
1,2015,5,2,0.0
2,2015,5,2,0.0
3,2015,5,2,0.0
1,2015,5,3,0.0
2,2015,5,3,0.0
3,2015,5,3,0.0
1,2015,5,4,0.0
2,2015,5,4,0.0
3,2015,5,4,0.0
1,2015,5,5,0.2428571428571429
2,2015,5,5,0.15
3,2015,5,5,0.09285714285714285
1,2015,5,6,0.15571428571428572
2,2015,5,6,0.14333333333333334
3,2015,5,6,0.10142857142857144
1,2015,5,7,0.0
2,2015,5,7,0.0
3,2015,5,7,0.0
1,2015,5,8,0.0
2,2015,5,8,0.0
3,2015,5,8,0.0
1,2015,5,9,0.0
2,2015,5,9,0.0
3,2015,5,9,0.0
1,2015,5,10,0.0
2,2015,5,10,0.0
3,2015,5,10,0.0
1,2015,5,11,0.0
2,2015,5,11,0.0
3,2015,5,11,0.0
1,2015,5,12,0.02
2,2015,5,12,0.006666666666666667
3,2015,5,12,0.017142857142857144
1,2015,5,13,0.1685714285714286
2,2015,5,13,0.17333333333333334
3,2015,5,13,0.18714285714285714
1,2015,5,14,0.09714285714285713
2,2015,5,14,0.10333333333333335
3,2015,5,14,0.06285714285714285
1,2015,5,15,0.0
2,2015,5,15,0.0
3,2015,5,15,0.0
1,2015,5,16,0.0
2,2015,5,16,0.0
3,2015,5,16,0.0
1,2015,5,17,0.0
2,2015,5,17,0.0
3,2015,5,17,0.0
1,2015,5,18,0.0
2,2015,5,18,0.0
3,2015,5,18,0.0
1,2015,5,19,0.0
2,2015,5,19,0.0
3,2015,5,19,0.0
1,2015,5,20,0.0
2,2015,5,20,0.0
3,2015,5,20,0.0
1,2015,5,21,0.0
2,2015,5,21,0.0
3,2015,5,21,0.0
1,2015,5,22,0.0
2,2015,5,22,0.0
3,2015,5,22,0.0
1,2015,5,23,0.008571428571428572
2,2015,5,23,0.006666666666666667
3,2015,5,23,0.002857142857142857
1,2015,5,24,0.0
2,2015,5,24,0.0
3,2015,5,24,0.0
1,2015,5,25,0.0
2,2015,5,25,0.0
3,2015,5,25,0.0
1,2015,5,26,0.0
2,2015,5,26,0.0
3,2015,5,26,0.0
1,2015,5,27,0.0
2,2015,5,27,0.0
3,2015,5,27,0.0
1,2015,5,28,0.0
2,2015,5,28,0.0
3,2015,5,28,0.0
1,2015,5,29,0.0
2,2015,5,29,0.0
3,2015,5,29,0.0
1,2015,5,30,0.0
2,2015,5,30,0.0
3,2015,5,30,0.0
1,2015,5,31,0.0
2,2015,5,31,0.0
3,2015,5,31,0.0
1,2015,6,1,0.07714285714285715
2,2015,6,1,0.08333333333333333
3,2015,6,1,0.09999999999999999
1,2015,6,2,0.0014285714285714286
2,2015,6,2,0.006666666666666667
3,2015,6,2,0.005714285714285714
1,2015,6,3,0.07857142857142858
2,2015,6,3,0.013333333333333334
3,2015,6,3,0.0
1,2015,6,4,0.0
2,2015,6,4,0.0
3,2015,6,4,0.0
1,2015,6,5,0.0
2,2015,6,5,0.0
3,2015,6,5,0.0
1,2015,6,6,0.0
2,2015,6,6,0.0
3,2015,6,6,0.0
1,2015,6,7,0.0
2,2015,6,7,0.0
3,2015,6,7,0.0
1,2015,6,8,0.0
2,2015,6,8,0.0
3,2015,6,8,0.0
1,2015,6,9,0.0
2,2015,6,9,0.0
3,2015,6,9,0.0
1,2015,6,10,0.0
2,2015,6,10,0.0
3,2015,6,10,0.0
1,2015,6,11,0.0
2,2015,6,11,0.0
3,2015,6,11,0.0
1,2015,6,12,0.0
2,2015,6,12,0.0
3,2015,6,12,0.0
1,2015,6,13,0.0
2,2015,6,13,0.0
3,2015,6,13,0.0
1,2015,6,14,0.0
2,2015,6,14,0.0
3,2015,6,14,0.0
1,2015,6,15,0.0
2,2015,6,15,0.0
3,2015,6,15,0.0
1,2015,6,16,0.0
2,2015,6,16,0.0
3,2015,6,16,0.0
1,2015,6,17,0.0
2,2015,6,17,0.0
3,2015,6,17,0.0
1,2015,6,18,0.0
2,2015,6,18,0.0
3,2015,6,18,0.0
1,2015,6,19,0.015714285714285712
2,2015,6,19,0.02
3,2015,6,19,0.03428571428571429
1,2015,6,20,0.0
2,2015,6,20,0.0
3,2015,6,20,0.0
1,2015,6,21,0.0
2,2015,6,21,0.0
3,2015,6,21,0.0
1,2015,6,22,0.0
2,2015,6,22,0.0
3,2015,6,22,0.0
1,2015,6,23,0.0
2,2015,6,23,0.0
3,2015,6,23,0.0
1,2015,6,24,0.0
2,2015,6,24,0.0
3,2015,6,24,0.0
1,2015,6,25,0.0
2,2015,6,25,0.0
3,2015,6,25,0.0
1,2015,6,26,0.0
2,2015,6,26,0.0
3,2015,6,26,0.0
1,2015,6,27,0.0
2,2015,6,27,0.0
3,2015,6,27,0.0
1,2015,6,28,0.005714285714285714
2,2015,6,28,0.0
3,2015,6,28,0.005714285714285714
1,2015,6,29,0.024285714285714282
2,2015,6,29,0.01
3,2015,6,29,0.0
1,2015,6,30,0.0
2,2015,6,30,0.0
3,2015,6,30,0.0
1,2015,7,1,0.0
2,2015,7,1,0.0
3,2015,7,1,0.0
1,2015,7,2,0.0
2,2015,7,2,0.0
3,2015,7,2,0.0
1,2015,7,3,0.0
2,2015,7,3,0.0
3,2015,7,3,0.0
1,2015,7,4,0.0
2,2015,7,4,0.0
3,2015,7,4,0.0
1,2015,7,5,0.0
2,2015,7,5,0.0
3,2015,7,5,0.0
1,2015,7,6,0.0
2,2015,7,6,0.0
3,2015,7,6,0.0
1,2015,7,7,0.0
2,2015,7,7,0.0
3,2015,7,7,0.0
1,2015,7,8,0.0
2,2015,7,8,0.0
3,2015,7,8,0.0
1,2015,7,9,0.0
2,2015,7,9,0.0
3,2015,7,9,0.0
1,2015,7,10,0.0
2,2015,7,10,0.0
3,2015,7,10,0.0
1,2015,7,11,0.0
2,2015,7,11,0.0
3,2015,7,11,0.0
1,2015,7,12,0.0
2,2015,7,12,0.0
3,2015,7,12,0.0
1,2015,7,13,0.0
2,2015,7,13,0.0
3,2015,7,13,0.0
1,2015,7,14,0.0
2,2015,7,14,0.0
3,2015,7,14,0.0
1,2015,7,15,0.0
2,2015,7,15,0.0
3,2015,7,15,0.0
1,2015,7,16,0.0
2,2015,7,16,0.0
3,2015,7,16,0.0
1,2015,7,17,0.0
2,2015,7,17,0.0
3,2015,7,17,0.0
1,2015,7,18,0.0
2,2015,7,18,0.0
3,2015,7,18,0.0
1,2015,7,19,0.0
2,2015,7,19,0.0
3,2015,7,19,0.0
1,2015,7,20,0.0
2,2015,7,20,0.0
3,2015,7,20,0.0
1,2015,7,21,0.0
2,2015,7,21,0.0
3,2015,7,21,0.04285714285714286
1,2015,7,22,0.0
2,2015,7,22,0.0
3,2015,7,22,0.0
1,2015,7,23,0.0
2,2015,7,23,0.0
3,2015,7,23,0.0
1,2015,7,24,0.008571428571428572
2,2015,7,24,0.013333333333333334
3,2015,7,24,0.0014285714285714286
1,2015,7,25,0.13571428571428573
2,2015,7,25,0.06
3,2015,7,25,0.037142857142857144
1,2015,7,26,0.17142857142857146
2,2015,7,26,0.04
3,2015,7,26,0.028571428571428577
1,2015,7,27,0.047142857142857146
2,2015,7,27,0.06666666666666667
3,2015,7,27,0.055714285714285716
1,2015,7,28,0.0
2,2015,7,28,0.0
3,2015,7,28,0.0
1,2015,7,29,0.0
2,2015,7,29,0.0
3,2015,7,29,0.0
1,2015,7,30,0.0
2,2015,7,30,0.0
3,2015,7,30,0.0
1,2015,7,31,0.0
2,2015,7,31,0.0
3,2015,7,31,0.0
1,2015,8,1,0.0
2,2015,8,1,0.0
3,2015,8,1,0.0
1,2015,8,2,0.0
2,2015,8,2,0.0
3,2015,8,2,0.0
1,2015,8,3,0.0
2,2015,8,3,0.0
3,2015,8,3,0.0
1,2015,8,4,0.0
2,2015,8,4,0.0
3,2015,8,4,0.0
1,2015,8,5,0.0
2,2015,8,5,0.0
3,2015,8,5,0.0
1,2015,8,6,0.029999999999999995
2,2015,8,6,0.0
3,2015,8,6,0.0
1,2015,8,7,0.0
2,2015,8,7,0.0
3,2015,8,7,0.0
1,2015,8,8,0.0
2,2015,8,8,0.0
3,2015,8,8,0.0
1,2015,8,9,0.0
2,2015,8,9,0.0
3,2015,8,9,0.0
1,2015,8,10,0.0
2,2015,8,10,0.0
3,2015,8,10,0.0
1,2015,8,11,0.0
2,2015,8,11,0.0
3,2015,8,11,0.0
1,2015,8,12,0.02428571428571429
2,2015,8,12,0.02
3,2015,8,12,0.07428571428571429
1,2015,8,13,0.0
2,2015,8,13,0.0
3,2015,8,13,0.0
1,2015,8,14,1.078571428571429
2,2015,8,14,0.976666666666667
3,2015,8,14,0.8928571428571433
1,2015,8,15,0.18285714285714286
2,2015,8,15,0.2066666666666667
3,2015,8,15,0.22142857142857147
1,2015,8,16,0.0
2,2015,8,16,0.0
3,2015,8,16,0.0
1,2015,8,17,0.0
2,2015,8,17,0.0
3,2015,8,17,0.0
1,2015,8,18,0.0
2,2015,8,18,0.0
3,2015,8,18,0.0
1,2015,8,19,0.0
2,2015,8,19,0.0
3,2015,8,19,0.0
1,2015,8,20,0.0
2,2015,8,20,0.0
3,2015,8,20,0.004285714285714286
1,2015,8,21,0.0
2,2015,8,21,0.0
3,2015,8,21,0.0
1,2015,8,22,0.0
2,2015,8,22,0.0
3,2015,8,22,0.0
1,2015,8,23,0.0
2,2015,8,23,0.0
3,2015,8,23,0.0
1,2015,8,24,0.0
2,2015,8,24,0.0
3,2015,8,24,0.0
1,2015,8,25,0.0
2,2015,8,25,0.0
3,2015,8,25,0.0
1,2015,8,26,0.0
2,2015,8,26,0.0
3,2015,8,26,0.0
1,2015,8,27,0.0
2,2015,8,27,0.0
3,2015,8,27,0.0
1,2015,8,28,0.012857142857142859
2,2015,8,28,0.016666666666666666
3,2015,8,28,0.011428571428571429
1,2015,8,29,0.39571428571428585
2,2015,8,29,0.38666666666666677
3,2015,8,29,0.35428571428571437
1,2015,8,30,1.064285714285715
2,2015,8,30,1.243333333333334
3,2015,8,30,1.3800000000000008
1,2015,8,31,0.038571428571428576
2,2015,8,31,0.0
3,2015,8,31,0.002857142857142857
1,2015,9,1,0.07714285714285714
2,2015,9,1,0.08666666666666667
3,2015,9,1,0.18714285714285714
1,2015,9,2,0.002857142857142857
2,2015,9,2,0.006666666666666667
3,2015,9,2,0.018571428571428572
1,2015,9,3,0.005714285714285714
2,2015,9,3,0.0
3,2015,9,3,0.015714285714285715
1,2015,9,4,0.0
2,2015,9,4,0.0
3,2015,9,4,0.0
1,2015,9,5,0.1542857142857143
2,2015,9,5,0.07333333333333332
3,2015,9,5,0.0
1,2015,9,6,0.47714285714285726
2,2015,9,6,0.7966666666666669
3,2015,9,6,0.28571428571428586
1,2015,9,7,0.012857142857142857
2,2015,9,7,0.0033333333333333335
3,2015,9,7,0.0
1,2015,9,8,0.0
2,2015,9,8,0.0
3,2015,9,8,0.0
1,2015,9,9,0.0
2,2015,9,9,0.0
3,2015,9,9,0.0
1,2015,9,10,0.0
2,2015,9,10,0.0
3,2015,9,10,0.0
1,2015,9,11,0.0
2,2015,9,11,0.0
3,2015,9,11,0.0
1,2015,9,12,0.0
2,2015,9,12,0.0
3,2015,9,12,0.0
1,2015,9,13,0.12142857142857144
2,2015,9,13,0.04
3,2015,9,13,0.025714285714285714
1,2015,9,14,0.0
2,2015,9,14,0.0
3,2015,9,14,0.0
1,2015,9,15,0.0
2,2015,9,15,0.0
3,2015,9,15,0.0
1,2015,9,16,0.0
2,2015,9,16,0.0
3,2015,9,16,0.0
1,2015,9,17,0.41000000000000003
2,2015,9,17,0.5266666666666668
3,2015,9,17,0.35142857142857153
1,2015,9,18,0.09285714285714287
2,2015,9,18,0.09999999999999999
3,2015,9,18,0.20285714285714287
1,2015,9,19,0.0
2,2015,9,19,0.0
3,2015,9,19,0.0
1,2015,9,20,0.0
2,2015,9,20,0.0
3,2015,9,20,0.0
1,2015,9,21,0.14
2,2015,9,21,0.09666666666666666
3,2015,9,21,0.10428571428571427
1,2015,9,22,0.0
2,2015,9,22,0.0
3,2015,9,22,0.0
1,2015,9,23,0.0
2,2015,9,23,0.0
3,2015,9,23,0.0
1,2015,9,24,0.0
2,2015,9,24,0.0
3,2015,9,24,0.0
1,2015,9,25,0.025714285714285714
2,2015,9,25,0.03
3,2015,9,25,0.03142857142857143
1,2015,9,26,0.042857142857142864
2,2015,9,26,0.02
3,2015,9,26,0.0014285714285714286
1,2015,9,27,0.0
2,2015,9,27,0.0
3,2015,9,27,0.0
1,2015,9,28,0.0
2,2015,9,28,0.0
3,2015,9,28,0.0
1,2015,9,29,0.0
2,2015,9,29,0.0
3,2015,9,29,0.0
1,2015,9,30,0.0
2,2015,9,30,0.0
3,2015,9,30,0.0
1,2015,10,1,0.0
2,2015,10,1,0.0
3,2015,10,1,0.0
1,2015,10,2,0.0071428571428571435
2,2015,10,2,0.0
3,2015,10,2,0.0
1,2015,10,3,0.02428571428571429
2,2015,10,3,0.006666666666666667
3,2015,10,3,0.005714285714285714
1,2015,10,4,0.0
2,2015,10,4,0.0
3,2015,10,4,0.0
1,2015,10,5,0.0
2,2015,10,5,0.0
3,2015,10,5,0.0
1,2015,10,6,0.0
2,2015,10,6,0.0
3,2015,10,6,0.0
1,2015,10,7,0.35000000000000014
2,2015,10,7,0.34666666666666685
3,2015,10,7,0.3814285714285716
1,2015,10,8,0.04
2,2015,10,8,0.02
3,2015,10,8,0.008571428571428572
1,2015,10,9,0.008571428571428572
2,2015,10,9,0.01
3,2015,10,9,0.002857142857142857
1,2015,10,10,0.998571428571429
2,2015,10,10,1.0500000000000005
3,2015,10,10,0.8271428571428574
1,2015,10,11,0.0014285714285714286
2,2015,10,11,0.0
3,2015,10,11,0.0071428571428571435
1,2015,10,12,0.0
2,2015,10,12,0.0
3,2015,10,12,0.0
1,2015,10,13,0.08285714285714287
2,2015,10,13,0.25000000000000006
3,2015,10,13,0.38000000000000017
1,2015,10,14,0.002857142857142857
2,2015,10,14,0.0033333333333333335
3,2015,10,14,0.0014285714285714286
1,2015,10,15,0.0
2,2015,10,15,0.0
3,2015,10,15,0.0
1,2015,10,16,0.0
2,2015,10,16,0.0
3,2015,10,16,0.0
1,2015,10,17,0.0
2,2015,10,17,0.0
3,2015,10,17,0.0
1,2015,10,18,0.05857142857142859
2,2015,10,18,0.06666666666666667
3,2015,10,18,0.09142857142857143
1,2015,10,19,0.08571428571428572
2,2015,10,19,0.06666666666666667
3,2015,10,19,0.07714285714285714
1,2015,10,20,0.0
2,2015,10,20,0.0
3,2015,10,20,0.0
1,2015,10,21,0.002857142857142857
2,2015,10,21,0.0
3,2015,10,21,0.0014285714285714286
1,2015,10,22,0.004285714285714286
2,2015,10,22,0.0033333333333333335
3,2015,10,22,0.004285714285714286
1,2015,10,23,0.002857142857142857
2,2015,10,23,0.0
3,2015,10,23,0.0
1,2015,10,24,0.005714285714285714
2,2015,10,24,0.006666666666666667
3,2015,10,24,0.0014285714285714286
1,2015,10,25,0.02714285714285714
2,2015,10,25,0.04666666666666667
3,2015,10,25,0.06857142857142857
1,2015,10,26,0.5114285714285717
2,2015,10,26,0.3633333333333335
3,2015,10,26,0.3985714285714287
1,2015,10,27,0.005714285714285714
2,2015,10,27,0.0
3,2015,10,27,0.0
1,2015,10,28,0.08571428571428572
2,2015,10,28,0.08
3,2015,10,28,0.047142857142857146
1,2015,10,29,0.05285714285714286
2,2015,10,29,0.05333333333333334
3,2015,10,29,0.07571428571428572
1,2015,10,30,0.23285714285714287
2,2015,10,30,0.18666666666666668
3,2015,10,30,0.16571428571428573
1,2015,10,31,0.8042857142857146
2,2015,10,31,0.9166666666666673
3,2015,10,31,1.0728571428571434
1,2015,11,1,0.4628571428571431
2,2015,11,1,0.4266666666666668
3,2015,11,1,0.628571428571429
1,2015,11,2,0.06571428571428571
2,2015,11,2,0.09666666666666668
3,2015,11,2,0.09428571428571428
1,2015,11,3,0.07714285714285714
2,2015,11,3,0.07
3,2015,11,3,0.058571428571428566
1,2015,11,4,0.0
2,2015,11,4,0.0
3,2015,11,4,0.0
1,2015,11,5,0.0
2,2015,11,5,0.0
3,2015,11,5,0.0071428571428571435
1,2015,11,6,0.039999999999999994
2,2015,11,6,0.043333333333333335
3,2015,11,6,0.015714285714285715
1,2015,11,7,0.31857142857142867
2,2015,11,7,0.2866666666666668
3,2015,11,7,0.2900000000000001
1,2015,11,8,0.688571428571429
2,2015,11,8,0.5400000000000001
3,2015,11,8,0.4128571428571431
1,2015,11,9,0.6200000000000003
2,2015,11,9,0.3733333333333335
3,2015,11,9,0.3471428571428573
1,2015,11,10,0.005714285714285714
2,2015,11,10,0.0033333333333333335
3,2015,11,10,0.0014285714285714286
1,2015,11,11,0.3
2,2015,11,11,0.16666666666666666
3,2015,11,11,0.11142857142857142
1,2015,11,12,0.0014285714285714286
2,2015,11,12,0.006666666666666667
3,2015,11,12,0.011428571428571429
1,2015,11,13,0.47285714285714303
2,2015,11,13,0.5900000000000003
3,2015,11,13,1.2014285714285724
1,2015,11,14,1.317142857142858
2,2015,11,14,1.5333333333333343
3,2015,11,14,1.4971428571428582
1,2015,11,15,1.2457142857142867
2,2015,11,15,1.3733333333333342
3,2015,11,15,1.2314285714285724
1,2015,11,16,0.025714285714285717
2,2015,11,16,0.04666666666666667
3,2015,11,16,0.06857142857142857
1,2015,11,17,0.40857142857142875
2,2015,11,17,0.46333333333333354
3,2015,11,17,0.6642857142857147
1,2015,11,18,0.08857142857142855
2,2015,11,18,0.12666666666666668
3,2015,11,18,0.08571428571428572
1,2015,11,19,0.1657142857142857
2,2015,11,19,0.2066666666666667
3,2015,11,19,0.1457142857142857
1,2015,11,20,0.004285714285714286
2,2015,11,20,0.0033333333333333335
3,2015,11,20,0.0014285714285714286
1,2015,11,21,0.0
2,2015,11,21,0.0
3,2015,11,21,0.0
1,2015,11,22,0.0
2,2015,11,22,0.0
3,2015,11,22,0.0
1,2015,11,23,0.02142857142857143
2,2015,11,23,0.02
3,2015,11,23,0.011428571428571429
1,2015,11,24,0.40428571428571447
2,2015,11,24,0.4166666666666669
3,2015,11,24,0.382857142857143
1,2015,11,25,0.0
2,2015,11,25,0.0
3,2015,11,25,0.0
1,2015,11,26,0.0
2,2015,11,26,0.0
3,2015,11,26,0.0
1,2015,11,27,0.0
2,2015,11,27,0.0
3,2015,11,27,0.0
1,2015,11,28,0.0
2,2015,11,28,0.0
3,2015,11,28,0.0
1,2015,11,29,0.004285714285714286
2,2015,11,29,0.0033333333333333335
3,2015,11,29,0.004285714285714286
1,2015,11,30,0.0
2,2015,11,30,0.0
3,2015,11,30,0.0
1,2015,12,1,0.038571428571428576
2,2015,12,1,0.03333333333333333
3,2015,12,1,0.025714285714285714
1,2015,12,2,0.4157142857142859
2,2015,12,2,0.4166666666666669
3,2015,12,2,0.43571428571428594
1,2015,12,3,0.5842857142857145
2,2015,12,3,0.5000000000000002
3,2015,12,3,0.4142857142857145
1,2015,12,4,0.22999999999999998
2,2015,12,4,0.2833333333333334
3,2015,12,4,0.22428571428571425
1,2015,12,5,0.5385714285714289
2,2015,12,5,0.5400000000000004
3,2015,12,5,0.5314285714285717
1,2015,12,6,0.698571428571429
2,2015,12,6,0.6866666666666671
3,2015,12,6,0.7028571428571434
1,2015,12,7,1.1185714285714294
2,2015,12,7,1.2266666666666677
3,2015,12,7,1.2128571428571437
1,2015,12,8,0.7442857142857147
2,2015,12,8,0.8700000000000006
3,2015,12,8,1.1685714285714293
1,2015,12,9,1.0685714285714292
2,2015,12,9,1.1566666666666672
3,2015,12,9,0.9900000000000005
1,2015,12,10,0.7042857142857146
2,2015,12,10,0.6666666666666671
3,2015,12,10,0.6128571428571431
1,2015,12,11,0.12571428571428572
2,2015,12,11,0.12333333333333334
3,2015,12,11,0.10285714285714287
1,2015,12,12,0.38428571428571445
2,2015,12,12,0.43000000000000016
3,2015,12,12,0.43571428571428594
1,2015,12,13,0.09142857142857141
2,2015,12,13,0.14666666666666664
3,2015,12,13,0.16714285714285718
1,2015,12,14,0.1985714285714286
2,2015,12,14,0.23666666666666666
3,2015,12,14,0.032857142857142856
1,2015,12,15,0.005714285714285714
2,2015,12,15,0.0
3,2015,12,15,0.0
1,2015,12,16,0.04428571428571428
2,2015,12,16,0.03333333333333333
3,2015,12,16,0.1442857142857143
1,2015,12,17,0.26142857142857145
2,2015,12,17,0.2866666666666668
3,2015,12,17,0.2557142857142857
1,2015,12,18,0.8628571428571435
2,2015,12,18,0.9233333333333339
3,2015,12,18,0.9942857142857149
1,2015,12,19,0.08857142857142855
2,2015,12,19,0.16
3,2015,12,19,0.16285714285714284
1,2015,12,20,0.20000000000000004
2,2015,12,20,0.19333333333333336
3,2015,12,20,0.16142857142857145
1,2015,12,21,0.7128571428571433
2,2015,12,21,0.7766666666666672
3,2015,12,21,0.8200000000000005
1,2015,12,22,0.01
2,2015,12,22,0.006666666666666667
3,2015,12,22,0.004285714285714286
1,2015,12,23,0.16714285714285718
2,2015,12,23,0.1433333333333333
3,2015,12,23,0.2185714285714286
1,2015,12,24,0.09714285714285713
2,2015,12,24,0.04666666666666667
3,2015,12,24,0.10142857142857142
1,2015,12,25,0.27428571428571435
2,2015,12,25,0.22333333333333338
3,2015,12,25,0.2228571428571429
1,2015,12,26,0.037142857142857144
2,2015,12,26,0.08
3,2015,12,26,0.011428571428571429
1,2015,12,27,0.25000000000000006
2,2015,12,27,0.23000000000000007
3,2015,12,27,0.20714285714285716
1,2015,12,28,0.23
2,2015,12,28,0.24000000000000007
3,2015,12,28,0.21285714285714288
1,2015,12,29,0.002857142857142857
2,2015,12,29,0.0033333333333333335
3,2015,12,29,0.002857142857142857
1,2015,12,30,0.004285714285714286
2,2015,12,30,0.0033333333333333335
3,2015,12,30,0.0
1,2015,12,31,0.0014285714285714286
2,2015,12,31,0.0
3,2015,12,31,0.0014285714285714286
1,2016,1,1,0.0
2,2016,1,1,0.0
3,2016,1,1,0.0
1,2016,1,2,0.0
2,2016,1,2,0.0
3,2016,1,2,0.0
1,2016,1,3,0.017142857142857144
2,2016,1,3,0.02
3,2016,1,3,0.011428571428571429
1,2016,1,4,0.09857142857142856
2,2016,1,4,0.09000000000000001
3,2016,1,4,0.09714285714285713
1,2016,1,5,0.10571428571428572
2,2016,1,5,0.10999999999999999
3,2016,1,5,0.10857142857142855
1,2016,1,6,0.02428571428571429
2,2016,1,6,0.02666666666666667
3,2016,1,6,0.017142857142857144
1,2016,1,7,0.0014285714285714286
2,2016,1,7,0.0
3,2016,1,7,0.005714285714285714
1,2016,1,8,0.0
2,2016,1,8,0.0
3,2016,1,8,0.0
1,2016,1,9,0.004285714285714286
2,2016,1,9,0.01
3,2016,1,9,0.002857142857142857
1,2016,1,10,0.0
2,2016,1,10,0.0
3,2016,1,10,0.0
1,2016,1,11,0.11857142857142856
2,2016,1,11,0.12333333333333331
3,2016,1,11,0.10857142857142855
1,2016,1,12,0.33571428571428585
2,2016,1,12,0.3266666666666668
3,2016,1,12,0.3042857142857144
1,2016,1,13,0.7671428571428577
2,2016,1,13,0.8533333333333338
3,2016,1,13,0.9371428571428578
1,2016,1,14,0.012857142857142857
2,2016,1,14,0.023333333333333334
3,2016,1,14,0.011428571428571429
1,2016,1,15,0.07857142857142858
2,2016,1,15,0.06666666666666667
3,2016,1,15,0.03571428571428571
1,2016,1,16,0.5142857142857146
2,2016,1,16,0.5166666666666668
3,2016,1,16,0.4300000000000002
1,2016,1,17,0.34857142857142875
2,2016,1,17,0.35000000000000014
3,2016,1,17,0.32285714285714295
1,2016,1,18,0.18714285714285714
2,2016,1,18,0.14333333333333334
3,2016,1,18,0.07428571428571429
1,2016,1,19,0.13999999999999999
2,2016,1,19,0.15666666666666665
3,2016,1,19,0.16
1,2016,1,20,0.37142857142857155
2,2016,1,20,0.39333333333333353
3,2016,1,20,0.33571428571428585
1,2016,1,21,1.810000000000001
2,2016,1,21,1.686666666666668
3,2016,1,21,1.3028571428571436
1,2016,1,22,0.575714285714286
2,2016,1,22,0.5733333333333336
3,2016,1,22,0.5414285714285717
1,2016,1,23,0.4657142857142859
2,2016,1,23,0.6100000000000003
3,2016,1,23,0.5528571428571432
1,2016,1,24,0.05714285714285714
2,2016,1,24,0.023333333333333334
3,2016,1,24,0.011428571428571429
1,2016,1,25,0.0
2,2016,1,25,0.0
3,2016,1,25,0.0
1,2016,1,26,0.16142857142857145
2,2016,1,26,0.18333333333333335
3,2016,1,26,0.262857142857143
1,2016,1,27,0.05714285714285715
2,2016,1,27,0.053333333333333344
3,2016,1,27,0.07571428571428572
1,2016,1,28,1.3142857142857152
2,2016,1,28,1.2500000000000009
3,2016,1,28,1.3057142857142867
1,2016,1,29,0.18
2,2016,1,29,0.18333333333333335
3,2016,1,29,0.1757142857142857
1,2016,1,30,0.0
2,2016,1,30,0.006666666666666667
3,2016,1,30,0.018571428571428572
1,2016,1,31,0.0
2,2016,1,31,0.0
3,2016,1,31,0.0
1,2016,2,1,0.03571428571428571
2,2016,2,1,0.32000000000000006
3,2016,2,1,0.1542857142857143
1,2016,2,2,0.0
2,2016,2,2,0.0
3,2016,2,2,0.014285714285714287
1,2016,2,3,0.13571428571428573
2,2016,2,3,0.17333333333333334
3,2016,2,3,0.21000000000000002
1,2016,2,4,0.4271428571428574
2,2016,2,4,0.4133333333333335
3,2016,2,4,0.35000000000000014
1,2016,2,5,0.0014285714285714286
2,2016,2,5,0.0
3,2016,2,5,0.0014285714285714286
1,2016,2,6,0.12571428571428572
2,2016,2,6,0.1566666666666667
3,2016,2,6,0.15857142857142859
1,2016,2,7,0.0
2,2016,2,7,0.0
3,2016,2,7,0.0
1,2016,2,8,0.0
2,2016,2,8,0.0
3,2016,2,8,0.0
1,2016,2,9,0.0
2,2016,2,9,0.0
3,2016,2,9,0.0
1,2016,2,10,0.14
2,2016,2,10,0.1466666666666667
3,2016,2,10,0.12571428571428572
1,2016,2,11,0.05
2,2016,2,11,0.05666666666666667
3,2016,2,11,0.03
1,2016,2,12,1.001428571428572
2,2016,2,12,1.063333333333334
3,2016,2,12,1.134285714285715
1,2016,2,13,0.13999999999999999
2,2016,2,13,0.18000000000000002
3,2016,2,13,0.26714285714285724
1,2016,2,14,0.10999999999999999
2,2016,2,14,0.10333333333333333
3,2016,2,14,0.12428571428571429
1,2016,2,15,0.12428571428571429
2,2016,2,15,0.11333333333333333
3,2016,2,15,0.14714285714285716
1,2016,2,16,0.18
2,2016,2,16,0.16666666666666666
3,2016,2,16,0.14714285714285716
1,2016,2,17,0.03428571428571429
2,2016,2,17,0.03666666666666667
3,2016,2,17,0.03142857142857143
1,2016,2,18,0.37857142857142867
2,2016,2,18,0.35333333333333344
3,2016,2,18,0.3814285714285716
1,2016,2,19,0.4371428571428573
2,2016,2,19,0.4466666666666668
3,2016,2,19,0.475714285714286
1,2016,2,20,0.0014285714285714286
2,2016,2,20,0.013333333333333334
3,2016,2,20,0.07285714285714286
1,2016,2,21,0.06857142857142857
2,2016,2,21,0.06333333333333334
3,2016,2,21,0.0642857142857143
1,2016,2,22,0.0
2,2016,2,22,0.0
3,2016,2,22,0.005714285714285714
1,2016,2,23,0.002857142857142857
2,2016,2,23,0.006666666666666667
3,2016,2,23,0.0
1,2016,2,24,0.0
2,2016,2,24,0.0
3,2016,2,24,0.0
1,2016,2,25,0.008571428571428572
2,2016,2,25,0.01
3,2016,2,25,0.005714285714285714
1,2016,2,26,0.0014285714285714286
2,2016,2,26,0.0033333333333333335
3,2016,2,26,0.004285714285714286
1,2016,2,27,0.292857142857143
2,2016,2,27,0.2633333333333334
3,2016,2,27,0.22428571428571434
1,2016,2,28,0.19285714285714284
2,2016,2,28,0.24000000000000002
3,2016,2,28,0.2857142857142857
1,2016,2,29,0.05428571428571428
2,2016,2,29,0.10333333333333332
3,2016,2,29,0.41571428571428587
1,2016,3,1,0.5400000000000003
2,2016,3,1,0.6033333333333336
3,2016,3,1,0.5071428571428573
1,2016,3,2,0.1685714285714286
2,2016,3,2,0.23000000000000007
3,2016,3,2,0.3414285714285716
1,2016,3,3,0.32285714285714295
2,2016,3,3,0.34666666666666673
3,2016,3,3,0.24142857142857146
1,2016,3,4,0.12142857142857144
2,2016,3,4,0.12666666666666665
3,2016,3,4,0.12142857142857143
1,2016,3,5,0.2728571428571429
2,2016,3,5,0.2766666666666668
3,2016,3,5,0.2671428571428572
1,2016,3,6,0.3185714285714286
2,2016,3,6,0.37333333333333346
3,2016,3,6,0.34714285714285725
1,2016,3,7,0.40857142857142875
2,2016,3,7,0.3066666666666668
3,2016,3,7,0.28571428571428575
1,2016,3,8,0.002857142857142857
2,2016,3,8,0.0
3,2016,3,8,0.0014285714285714286
1,2016,3,9,0.34857142857142875
2,2016,3,9,0.4266666666666668
3,2016,3,9,0.47857142857142876
1,2016,3,10,0.7857142857142863
2,2016,3,10,0.7733333333333338
3,2016,3,10,0.788571428571429
1,2016,3,11,0.18000000000000002
2,2016,3,11,0.2133333333333334
3,2016,3,11,0.19142857142857148
1,2016,3,12,0.382857142857143
2,2016,3,12,0.3900000000000001
3,2016,3,12,0.34857142857142875
1,2016,3,13,0.5071428571428573
2,2016,3,13,0.5200000000000002
3,2016,3,13,0.47000000000000025
1,2016,3,14,0.05714285714285714
2,2016,3,14,0.12666666666666668
3,2016,3,14,0.12714285714285714
1,2016,3,15,0.0
2,2016,3,15,0.0
3,2016,3,15,0.01
1,2016,3,16,0.004285714285714286
2,2016,3,16,0.0
3,2016,3,16,0.0
1,2016,3,17,0.0
2,2016,3,17,0.0
3,2016,3,17,0.0
1,2016,3,18,0.0
2,2016,3,18,0.0
3,2016,3,18,0.0
1,2016,3,19,0.0
2,2016,3,19,0.0
3,2016,3,19,0.0
1,2016,3,20,0.05571428571428572
2,2016,3,20,0.07333333333333333
3,2016,3,20,0.07
1,2016,3,21,0.27857142857142864
2,2016,3,21,0.2766666666666668
3,2016,3,21,0.25428571428571434
1,2016,3,22,0.08285714285714285
2,2016,3,22,0.06333333333333334
3,2016,3,22,0.06714285714285714
1,2016,3,23,0.012857142857142859
2,2016,3,23,0.013333333333333334
3,2016,3,23,0.017142857142857144
1,2016,3,24,0.1442857142857143
2,2016,3,24,0.10999999999999999
3,2016,3,24,0.12857142857142856
1,2016,3,25,0.0
2,2016,3,25,0.0
3,2016,3,25,0.0
1,2016,3,26,0.0
2,2016,3,26,0.0
3,2016,3,26,0.0
1,2016,3,27,0.46428571428571447
2,2016,3,27,0.49333333333333346
3,2016,3,27,0.4185714285714286
1,2016,3,28,0.015714285714285712
2,2016,3,28,0.11666666666666665
3,2016,3,28,0.11285714285714285
1,2016,3,29,0.0
2,2016,3,29,0.0
3,2016,3,29,0.0
1,2016,3,30,0.0
2,2016,3,30,0.0
3,2016,3,30,0.0
1,2016,3,31,0.0
2,2016,3,31,0.0
3,2016,3,31,0.0
1,2016,4,1,0.0
2,2016,4,1,0.0
3,2016,4,1,0.0
1,2016,4,2,0.0
2,2016,4,2,0.0
3,2016,4,2,0.0
1,2016,4,3,0.0
2,2016,4,3,0.0
3,2016,4,3,0.0
1,2016,4,4,0.29714285714285726
2,2016,4,4,0.2966666666666668
3,2016,4,4,0.28571428571428575
1,2016,4,5,0.0
2,2016,4,5,0.0
3,2016,4,5,0.0
1,2016,4,6,0.0
2,2016,4,6,0.0
3,2016,4,6,0.0
1,2016,4,7,0.0
2,2016,4,7,0.0
3,2016,4,7,0.0
1,2016,4,8,0.0
2,2016,4,8,0.0
3,2016,4,8,0.0
1,2016,4,9,0.0
2,2016,4,9,0.0
3,2016,4,9,0.0
1,2016,4,10,0.0
2,2016,4,10,0.0
3,2016,4,10,0.0
1,2016,4,11,0.0
2,2016,4,11,0.0
3,2016,4,11,0.0
1,2016,4,12,0.17285714285714285
2,2016,4,12,0.15
3,2016,4,12,0.16714285714285718
1,2016,4,13,0.13142857142857142
2,2016,4,13,0.1366666666666667
3,2016,4,13,0.19571428571428573
1,2016,4,14,0.09714285714285713
2,2016,4,14,0.11333333333333333
3,2016,4,14,0.15428571428571433
1,2016,4,15,0.011428571428571429
2,2016,4,15,0.036666666666666674
3,2016,4,15,0.038571428571428576
1,2016,4,16,0.0
2,2016,4,16,0.0
3,2016,4,16,0.0
1,2016,4,17,0.0
2,2016,4,17,0.0
3,2016,4,17,0.0
1,2016,4,18,0.0
2,2016,4,18,0.0
3,2016,4,18,0.0
1,2016,4,19,0.0
2,2016,4,19,0.0
3,2016,4,19,0.0
1,2016,4,20,0.0
2,2016,4,20,0.0
3,2016,4,20,0.0
1,2016,4,21,0.0
2,2016,4,21,0.0
3,2016,4,21,0.0
1,2016,4,22,0.02142857142857143
2,2016,4,22,0.013333333333333334
3,2016,4,22,0.017142857142857144
1,2016,4,23,0.0
2,2016,4,23,0.0
3,2016,4,23,0.0
1,2016,4,24,0.48285714285714315
2,2016,4,24,0.5966666666666669
3,2016,4,24,0.3414285714285716
1,2016,4,25,0.15571428571428572
2,2016,4,25,0.2733333333333334
3,2016,4,25,0.19
1,2016,4,26,0.0
2,2016,4,26,0.0
3,2016,4,26,0.0
1,2016,4,27,0.0
2,2016,4,27,0.0
3,2016,4,27,0.0
1,2016,4,28,0.0
2,2016,4,28,0.0
3,2016,4,28,0.0
1,2016,4,29,0.06
2,2016,4,29,0.016666666666666666
3,2016,4,29,0.03428571428571429
1,2016,4,30,0.0
2,2016,4,30,0.0
3,2016,4,30,0.0
1,2016,5,1,0.0
2,2016,5,1,0.0
3,2016,5,1,0.0
1,2016,5,2,0.0
2,2016,5,2,0.0
3,2016,5,2,0.0
1,2016,5,3,0.0
2,2016,5,3,0.0
3,2016,5,3,0.0
1,2016,5,4,0.015714285714285715
2,2016,5,4,0.0
3,2016,5,4,0.0
1,2016,5,5,0.0
2,2016,5,5,0.0
3,2016,5,5,0.0
1,2016,5,6,0.0
2,2016,5,6,0.0
3,2016,5,6,0.0
1,2016,5,7,0.0
2,2016,5,7,0.0
3,2016,5,7,0.0
1,2016,5,8,0.06857142857142857
2,2016,5,8,0.05333333333333334
3,2016,5,8,0.032857142857142856
1,2016,5,9,0.06857142857142857
2,2016,5,9,0.08
3,2016,5,9,0.04428571428571428
1,2016,5,10,0.0
2,2016,5,10,0.0
3,2016,5,10,0.0
1,2016,5,11,0.0
2,2016,5,11,0.0
3,2016,5,11,0.0
1,2016,5,12,0.0
2,2016,5,12,0.0
3,2016,5,12,0.0
1,2016,5,13,0.0
2,2016,5,13,0.0
3,2016,5,13,0.0
1,2016,5,14,0.09857142857142857
2,2016,5,14,0.036666666666666674
3,2016,5,14,0.011428571428571427
1,2016,5,15,0.038571428571428576
2,2016,5,15,0.02
3,2016,5,15,0.01
1,2016,5,16,0.08285714285714287
2,2016,5,16,0.06666666666666667
3,2016,5,16,0.04142857142857143
1,2016,5,17,0.0
2,2016,5,17,0.0
3,2016,5,17,0.0
1,2016,5,18,0.0
2,2016,5,18,0.0
3,2016,5,18,0.0
1,2016,5,19,0.2685714285714286
2,2016,5,19,0.3366666666666667
3,2016,5,19,0.26142857142857145
1,2016,5,20,0.23428571428571435
2,2016,5,20,0.28666666666666674
3,2016,5,20,0.18285714285714288
1,2016,5,21,0.1257142857142857
2,2016,5,21,0.15
3,2016,5,21,0.16285714285714287
1,2016,5,22,0.008571428571428572
2,2016,5,22,0.0
3,2016,5,22,0.0
1,2016,5,23,0.054285714285714305
2,2016,5,23,0.0
3,2016,5,23,0.0
1,2016,5,24,0.0
2,2016,5,24,0.0
3,2016,5,24,0.0
1,2016,5,25,0.0
2,2016,5,25,0.0
3,2016,5,25,0.0
1,2016,5,26,0.0
2,2016,5,26,0.0
3,2016,5,26,0.0
1,2016,5,27,0.18142857142857147
2,2016,5,27,0.16000000000000003
3,2016,5,27,0.017142857142857144
1,2016,5,28,0.04
2,2016,5,28,0.05333333333333334
3,2016,5,28,0.08285714285714285
1,2016,5,29,0.07857142857142856
2,2016,5,29,0.16666666666666666
3,2016,5,29,0.05857142857142857
1,2016,5,30,0.0
2,2016,5,30,0.0
3,2016,5,30,0.0
1,2016,5,31,0.0
2,2016,5,31,0.0
3,2016,5,31,0.0
1,2016,6,1,0.0
2,2016,6,1,0.0
3,2016,6,1,0.0
1,2016,6,2,0.0
2,2016,6,2,0.0033333333333333335
3,2016,6,2,0.01
1,2016,6,3,0.0
2,2016,6,3,0.0
3,2016,6,3,0.0
1,2016,6,4,0.0
2,2016,6,4,0.0
3,2016,6,4,0.0
1,2016,6,5,0.0
2,2016,6,5,0.0
3,2016,6,5,0.0
1,2016,6,6,0.0
2,2016,6,6,0.0
3,2016,6,6,0.0
1,2016,6,7,0.0
2,2016,6,7,0.0
3,2016,6,7,0.0
1,2016,6,8,0.0
2,2016,6,8,0.0
3,2016,6,8,0.0
1,2016,6,9,0.0
2,2016,6,9,0.0
3,2016,6,9,0.0
1,2016,6,10,0.054285714285714284
2,2016,6,10,0.043333333333333335
3,2016,6,10,0.07571428571428572
1,2016,6,11,0.015714285714285715
2,2016,6,11,0.03
3,2016,6,11,0.08999999999999998
1,2016,6,12,0.0
2,2016,6,12,0.0033333333333333335
3,2016,6,12,0.011428571428571429
1,2016,6,13,0.0
2,2016,6,13,0.0
3,2016,6,13,0.0
1,2016,6,14,0.002857142857142857
2,2016,6,14,0.0
3,2016,6,14,0.018571428571428572
1,2016,6,15,0.06285714285714286
2,2016,6,15,0.0
3,2016,6,15,0.0
1,2016,6,16,0.039999999999999994
2,2016,6,16,0.0
3,2016,6,16,0.0
1,2016,6,17,0.002857142857142857
2,2016,6,17,0.006666666666666667
3,2016,6,17,0.018571428571428572
1,2016,6,18,0.45428571428571446
2,2016,6,18,0.3900000000000001
3,2016,6,18,0.2671428571428572
1,2016,6,19,0.15714285714285717
2,2016,6,19,0.04666666666666667
3,2016,6,19,0.0
1,2016,6,20,0.0
2,2016,6,20,0.0
3,2016,6,20,0.0
1,2016,6,21,0.21571428571428572
2,2016,6,21,0.36666666666666675
3,2016,6,21,0.5871428571428574
1,2016,6,22,0.0
2,2016,6,22,0.0
3,2016,6,22,0.0
1,2016,6,23,0.14142857142857143
2,2016,6,23,0.16666666666666666
3,2016,6,23,0.15
1,2016,6,24,0.382857142857143
2,2016,6,24,0.2266666666666667
3,2016,6,24,0.24285714285714294
1,2016,6,25,0.02142857142857143
2,2016,6,25,0.056666666666666664
3,2016,6,25,0.04714285714285714
1,2016,6,26,0.0
2,2016,6,26,0.0
3,2016,6,26,0.0
1,2016,6,27,0.0
2,2016,6,27,0.0
3,2016,6,27,0.0
1,2016,6,28,0.0
2,2016,6,28,0.0
3,2016,6,28,0.0
1,2016,6,29,0.0
2,2016,6,29,0.0
3,2016,6,29,0.0
1,2016,6,30,0.0
2,2016,6,30,0.0
3,2016,6,30,0.0
1,2016,7,1,0.0
2,2016,7,1,0.0
3,2016,7,1,0.0
1,2016,7,2,0.0
2,2016,7,2,0.0
3,2016,7,2,0.0
1,2016,7,3,0.0
2,2016,7,3,0.0
3,2016,7,3,0.0
1,2016,7,4,0.0
2,2016,7,4,0.01
3,2016,7,4,0.0
1,2016,7,5,0.0
2,2016,7,5,0.016666666666666666
3,2016,7,5,0.0
1,2016,7,6,0.0
2,2016,7,6,0.0
3,2016,7,6,0.0014285714285714286
1,2016,7,7,0.0
2,2016,7,7,0.0
3,2016,7,7,0.0
1,2016,7,8,0.24571428571428575
2,2016,7,8,0.2166666666666667
3,2016,7,8,0.19285714285714287
1,2016,7,9,0.11857142857142855
2,2016,7,9,0.12666666666666668
3,2016,7,9,0.10857142857142857
1,2016,7,10,0.0071428571428571435
2,2016,7,10,0.0033333333333333335
3,2016,7,10,0.002857142857142857
1,2016,7,11,0.0014285714285714286
2,2016,7,11,0.0
3,2016,7,11,0.0
1,2016,7,12,0.0
2,2016,7,12,0.0
3,2016,7,12,0.0
1,2016,7,13,0.0
2,2016,7,13,0.0
3,2016,7,13,0.0
1,2016,7,14,0.0
2,2016,7,14,0.0
3,2016,7,14,0.0
1,2016,7,15,0.0
2,2016,7,15,0.0
3,2016,7,15,0.0
1,2016,7,16,0.0
2,2016,7,16,0.0
3,2016,7,16,0.0
1,2016,7,17,0.0
2,2016,7,17,0.0
3,2016,7,17,0.0
1,2016,7,18,0.0071428571428571435
2,2016,7,18,0.0
3,2016,7,18,0.002857142857142857
1,2016,7,19,0.0
2,2016,7,19,0.0
3,2016,7,19,0.0
1,2016,7,20,0.0
2,2016,7,20,0.0
3,2016,7,20,0.0
1,2016,7,21,0.0
2,2016,7,21,0.0
3,2016,7,21,0.0
1,2016,7,22,0.2214285714285715
2,2016,7,22,0.2633333333333334
3,2016,7,22,0.20000000000000004
1,2016,7,23,0.004285714285714286
2,2016,7,23,0.0
3,2016,7,23,0.0
1,2016,7,24,0.0
2,2016,7,24,0.0
3,2016,7,24,0.0
1,2016,7,25,0.0
2,2016,7,25,0.0
3,2016,7,25,0.0
1,2016,7,26,0.0
2,2016,7,26,0.0
3,2016,7,26,0.0
1,2016,7,27,0.0
2,2016,7,27,0.0
3,2016,7,27,0.0
1,2016,7,28,0.0
2,2016,7,28,0.0
3,2016,7,28,0.0
1,2016,7,29,0.0
2,2016,7,29,0.0
3,2016,7,29,0.0
1,2016,7,30,0.0
2,2016,7,30,0.0
3,2016,7,30,0.0
1,2016,7,31,0.0
2,2016,7,31,0.0
3,2016,7,31,0.0
1,2016,8,1,0.0
2,2016,8,1,0.0
3,2016,8,1,0.0
1,2016,8,2,0.004285714285714286
2,2016,8,2,0.0
3,2016,8,2,0.0
1,2016,8,3,0.0
2,2016,8,3,0.0
3,2016,8,3,0.0
1,2016,8,4,0.0
2,2016,8,4,0.0
3,2016,8,4,0.0
1,2016,8,5,0.0
2,2016,8,5,0.0
3,2016,8,5,0.0
1,2016,8,6,0.0
2,2016,8,6,0.0
3,2016,8,6,0.0
1,2016,8,7,0.0
2,2016,8,7,0.0
3,2016,8,7,0.0071428571428571435
1,2016,8,8,0.10857142857142858
2,2016,8,8,0.06999999999999999
3,2016,8,8,0.018571428571428572
1,2016,8,9,0.0014285714285714286
2,2016,8,9,0.0
3,2016,8,9,0.0
1,2016,8,10,0.0
2,2016,8,10,0.0
3,2016,8,10,0.0
1,2016,8,11,0.0
2,2016,8,11,0.0
3,2016,8,11,0.0
1,2016,8,12,0.0
2,2016,8,12,0.0
3,2016,8,12,0.0
1,2016,8,13,0.0
2,2016,8,13,0.0
3,2016,8,13,0.0
1,2016,8,14,0.0
2,2016,8,14,0.0
3,2016,8,14,0.0
1,2016,8,15,0.0
2,2016,8,15,0.0
3,2016,8,15,0.0
1,2016,8,16,0.0
2,2016,8,16,0.0
3,2016,8,16,0.0
1,2016,8,17,0.0
2,2016,8,17,0.0
3,2016,8,17,0.0
1,2016,8,18,0.0
2,2016,8,18,0.0
3,2016,8,18,0.0
1,2016,8,19,0.0
2,2016,8,19,0.0
3,2016,8,19,0.0
1,2016,8,20,0.0
2,2016,8,20,0.0
3,2016,8,20,0.0
1,2016,8,21,0.0
2,2016,8,21,0.0
3,2016,8,21,0.0
1,2016,8,22,0.0
2,2016,8,22,0.0
3,2016,8,22,0.0
1,2016,8,23,0.0
2,2016,8,23,0.0
3,2016,8,23,0.0
1,2016,8,24,0.0
2,2016,8,24,0.0
3,2016,8,24,0.0
1,2016,8,25,0.0
2,2016,8,25,0.0
3,2016,8,25,0.0
1,2016,8,26,0.0
2,2016,8,26,0.0
3,2016,8,26,0.0
1,2016,8,27,0.0
2,2016,8,27,0.0
3,2016,8,27,0.0
1,2016,8,28,0.0
2,2016,8,28,0.0
3,2016,8,28,0.0
1,2016,8,29,0.0
2,2016,8,29,0.0
3,2016,8,29,0.0
1,2016,8,30,0.0
2,2016,8,30,0.0
3,2016,8,30,0.0
1,2016,8,31,0.03142857142857143
2,2016,8,31,0.023333333333333334
3,2016,8,31,0.009999999999999998
1,2016,9,1,0.0014285714285714286
2,2016,9,1,0.0
3,2016,9,1,0.0014285714285714286
1,2016,9,2,0.5957142857142859
2,2016,9,2,0.46000000000000013
3,2016,9,2,0.24714285714285716
1,2016,9,3,0.1671428571428572
2,2016,9,3,0.056666666666666664
3,2016,9,3,0.04857142857142858
1,2016,9,4,0.0
2,2016,9,4,0.0
3,2016,9,4,0.0
1,2016,9,5,0.0
2,2016,9,5,0.0
3,2016,9,5,0.0
1,2016,9,6,0.21571428571428575
2,2016,9,6,0.21333333333333337
3,2016,9,6,0.16142857142857145
1,2016,9,7,0.08142857142857142
2,2016,9,7,0.060000000000000005
3,2016,9,7,0.03285714285714286
1,2016,9,8,0.008571428571428572
2,2016,9,8,0.006666666666666667
3,2016,9,8,0.031428571428571424
1,2016,9,9,0.0
2,2016,9,9,0.0
3,2016,9,9,0.0
1,2016,9,10,0.0
2,2016,9,10,0.0
3,2016,9,10,0.0
1,2016,9,11,0.0
2,2016,9,11,0.0
3,2016,9,11,0.0
1,2016,9,12,0.0
2,2016,9,12,0.0
3,2016,9,12,0.0
1,2016,9,13,0.0
2,2016,9,13,0.0
3,2016,9,13,0.0
1,2016,9,14,0.0
2,2016,9,14,0.0
3,2016,9,14,0.0
1,2016,9,15,0.0
2,2016,9,15,0.0
3,2016,9,15,0.0
1,2016,9,16,0.0
2,2016,9,16,0.0
3,2016,9,16,0.0
1,2016,9,17,0.17714285714285713
2,2016,9,17,0.13666666666666663
3,2016,9,17,0.10857142857142855
1,2016,9,18,0.014285714285714285
2,2016,9,18,0.02666666666666667
3,2016,9,18,0.08428571428571428
1,2016,9,19,0.22285714285714286
2,2016,9,19,0.15333333333333332
3,2016,9,19,0.03142857142857143
1,2016,9,20,0.0
2,2016,9,20,0.0
3,2016,9,20,0.0
1,2016,9,21,0.0
2,2016,9,21,0.0
3,2016,9,21,0.0
1,2016,9,22,0.0
2,2016,9,22,0.0
3,2016,9,22,0.0
1,2016,9,23,0.0
2,2016,9,23,0.0
3,2016,9,23,0.0
1,2016,9,24,0.0
2,2016,9,24,0.0
3,2016,9,24,0.0
1,2016,9,25,0.0
2,2016,9,25,0.0
3,2016,9,25,0.0
1,2016,9,26,0.0
2,2016,9,26,0.0
3,2016,9,26,0.0
1,2016,9,27,0.0
2,2016,9,27,0.0
3,2016,9,27,0.0
1,2016,9,28,0.0
2,2016,9,28,0.0
3,2016,9,28,0.0
1,2016,9,29,0.0
2,2016,9,29,0.0
3,2016,9,29,0.0
1,2016,9,30,0.0
2,2016,9,30,0.0
3,2016,9,30,0.0
1,2016,10,1,0.07428571428571429
2,2016,10,1,0.08
3,2016,10,1,0.06999999999999999
1,2016,10,2,0.1242857142857143
2,2016,10,2,0.09999999999999999
3,2016,10,2,0.03857142857142857
1,2016,10,3,0.0
2,2016,10,3,0.0
3,2016,10,3,0.0
1,2016,10,4,0.09285714285714286
2,2016,10,4,0.10333333333333333
3,2016,10,4,0.11285714285714286
1,2016,10,5,0.04714285714285714
2,2016,10,5,0.03
3,2016,10,5,0.03428571428571429
1,2016,10,6,0.002857142857142857
2,2016,10,6,0.006666666666666667
3,2016,10,6,0.0014285714285714286
1,2016,10,7,0.3542857142857144
2,2016,10,7,0.3166666666666667
3,2016,10,7,0.38571428571428584
1,2016,10,8,0.32714285714285724
2,2016,10,8,0.26000000000000006
3,2016,10,8,0.3000000000000001
1,2016,10,9,0.3114285714285715
2,2016,10,9,0.3233333333333334
3,2016,10,9,0.43000000000000016
1,2016,10,10,0.14285714285714288
2,2016,10,10,0.24
3,2016,10,10,0.14
1,2016,10,11,0.0
2,2016,10,11,0.0
3,2016,10,11,0.0
1,2016,10,12,0.0
2,2016,10,12,0.0
3,2016,10,12,0.0014285714285714286
1,2016,10,13,0.9742857142857151
2,2016,10,13,1.0133333333333339
3,2016,10,13,0.9685714285714292
1,2016,10,14,1.8100000000000016
2,2016,10,14,1.9533333333333343
3,2016,10,14,1.9642857142857146
1,2016,10,15,0.6442857142857148
2,2016,10,15,0.7300000000000004
3,2016,10,15,0.7457142857142862
1,2016,10,16,0.47714285714285737
2,2016,10,16,0.5800000000000003
3,2016,10,16,0.44428571428571456
1,2016,10,17,0.2685714285714286
2,2016,10,17,0.2700000000000001
3,2016,10,17,0.2914285714285715
1,2016,10,18,0.14
2,2016,10,18,0.15
3,2016,10,18,0.16
1,2016,10,19,0.0
2,2016,10,19,0.0033333333333333335
3,2016,10,19,0.0014285714285714286
1,2016,10,20,1.3685714285714297
2,2016,10,20,1.4166666666666676
3,2016,10,20,1.3085714285714292
1,2016,10,21,0.008571428571428572
2,2016,10,21,0.0033333333333333335
3,2016,10,21,0.0014285714285714286
1,2016,10,22,0.011428571428571429
2,2016,10,22,0.0
3,2016,10,22,0.005714285714285714
1,2016,10,23,0.17857142857142858
2,2016,10,23,0.17333333333333334
3,2016,10,23,0.1542857142857143
1,2016,10,24,0.02
2,2016,10,24,0.013333333333333334
3,2016,10,24,0.005714285714285714
1,2016,10,25,0.15
2,2016,10,25,0.13333333333333333
3,2016,10,25,0.17428571428571424
1,2016,10,26,1.0100000000000007
2,2016,10,26,1.053333333333334
3,2016,10,26,0.9985714285714292
1,2016,10,27,0.47142857142857164
2,2016,10,27,0.5500000000000002
3,2016,10,27,0.4800000000000001
1,2016,10,28,0.08428571428571428
2,2016,10,28,0.09000000000000001
3,2016,10,28,0.07285714285714286
1,2016,10,29,0.23571428571428577
2,2016,10,29,0.2333333333333334
3,2016,10,29,0.17142857142857143
1,2016,10,30,0.032857142857142856
2,2016,10,30,0.03333333333333333
3,2016,10,30,0.03142857142857143
1,2016,10,31,0.5642857142857146
2,2016,10,31,0.5433333333333336
3,2016,10,31,0.5714285714285717
1,2016,11,1,0.6900000000000004
2,2016,11,1,0.7266666666666671
3,2016,11,1,0.6285714285714289
1,2016,11,2,0.3457142857142858
2,2016,11,2,0.36000000000000015
3,2016,11,2,0.28142857142857153
1,2016,11,3,0.21285714285714288
2,2016,11,3,0.21333333333333337
3,2016,11,3,0.18000000000000002
1,2016,11,4,0.004285714285714286
2,2016,11,4,0.006666666666666667
3,2016,11,4,0.028571428571428574
1,2016,11,5,0.6728571428571432
2,2016,11,5,0.6600000000000003
3,2016,11,5,0.6814285714285716
1,2016,11,6,0.3271428571428571
2,2016,11,6,0.3500000000000001
3,2016,11,6,0.47857142857142876
1,2016,11,7,0.03285714285714286
2,2016,11,7,0.043333333333333335
3,2016,11,7,0.048571428571428564
1,2016,11,8,0.0014285714285714286
2,2016,11,8,0.0033333333333333335
3,2016,11,8,0.0
1,2016,11,9,0.13285714285714287
2,2016,11,9,0.16333333333333336
3,2016,11,9,0.18142857142857144
1,2016,11,10,0.0071428571428571435
2,2016,11,10,0.006666666666666667
3,2016,11,10,0.004285714285714286
1,2016,11,11,0.0
2,2016,11,11,0.0
3,2016,11,11,0.0
1,2016,11,12,0.11142857142857142
2,2016,11,12,0.11333333333333333
3,2016,11,12,0.10285714285714284
1,2016,11,13,0.09999999999999998
2,2016,11,13,0.10333333333333332
3,2016,11,13,0.13285714285714284
1,2016,11,14,0.23142857142857148
2,2016,11,14,0.2433333333333334
3,2016,11,14,0.28571428571428575
1,2016,11,15,0.861428571428572
2,2016,11,15,0.8933333333333336
3,2016,11,15,0.9171428571428576
1,2016,11,16,0.33000000000000007
2,2016,11,16,0.18666666666666668
3,2016,11,16,0.1242857142857143
1,2016,11,17,0.0014285714285714286
2,2016,11,17,0.0
3,2016,11,17,0.0014285714285714286
1,2016,11,18,0.0014285714285714286
2,2016,11,18,0.0
3,2016,11,18,0.0014285714285714286
1,2016,11,19,0.12285714285714286
2,2016,11,19,0.12666666666666665
3,2016,11,19,0.09285714285714285
1,2016,11,20,0.20285714285714287
2,2016,11,20,0.14666666666666664
3,2016,11,20,0.10142857142857142
1,2016,11,21,0.015714285714285712
2,2016,11,21,0.013333333333333334
3,2016,11,21,0.017142857142857144
1,2016,11,22,0.04285714285714286
2,2016,11,22,0.04
3,2016,11,22,0.032857142857142856
1,2016,11,23,0.7400000000000004
2,2016,11,23,0.6600000000000004
3,2016,11,23,0.6085714285714289
1,2016,11,24,0.9700000000000005
2,2016,11,24,0.9533333333333339
3,2016,11,24,0.8457142857142863
1,2016,11,25,0.5614285714285717
2,2016,11,25,0.5200000000000002
3,2016,11,25,0.4814285714285717
1,2016,11,26,0.6142857142857147
2,2016,11,26,0.5733333333333336
3,2016,11,26,0.4328571428571431
1,2016,11,27,0.27428571428571435
2,2016,11,27,0.3200000000000001
3,2016,11,27,0.3542857142857144
1,2016,11,28,0.2114285714285715
2,2016,11,28,0.24000000000000007
3,2016,11,28,0.2671428571428572
1,2016,11,29,0.005714285714285714
2,2016,11,29,0.0033333333333333335
3,2016,11,29,0.012857142857142859
1,2016,11,30,0.1785714285714286
2,2016,11,30,0.19333333333333336
3,2016,11,30,0.19000000000000009
1,2016,12,1,0.01
2,2016,12,1,0.006666666666666667
3,2016,12,1,0.045714285714285714
1,2016,12,2,0.21714285714285717
2,2016,12,2,0.16
3,2016,12,2,0.16714285714285718
1,2016,12,3,0.055714285714285716
2,2016,12,3,0.02
3,2016,12,3,0.027142857142857146
1,2016,12,4,0.23142857142857148
2,2016,12,4,0.14666666666666664
3,2016,12,4,0.26000000000000006
1,2016,12,5,0.17285714285714285
2,2016,12,5,0.17333333333333334
3,2016,12,5,0.21714285714285714
1,2016,12,6,0.07714285714285715
2,2016,12,6,0.043333333333333335
3,2016,12,6,0.04142857142857143
1,2016,12,7,0.0014285714285714286
2,2016,12,7,0.0
3,2016,12,7,0.0
1,2016,12,8,0.0
2,2016,12,8,0.0
3,2016,12,8,0.0
1,2016,12,9,0.5371428571428575
2,2016,12,9,0.4266666666666669
3,2016,12,9,0.3257142857142858
1,2016,12,10,0.3985714285714287
2,2016,12,10,0.2833333333333334
3,2016,12,10,0.26000000000000006
1,2016,12,11,0.012857142857142857
2,2016,12,11,0.04666666666666666
3,2016,12,11,0.09999999999999999
1,2016,12,12,0.02
2,2016,12,12,0.01
3,2016,12,12,0.012857142857142857
1,2016,12,13,0.002857142857142857
2,2016,12,13,0.01
3,2016,12,13,0.012857142857142859
1,2016,12,14,0.0
2,2016,12,14,0.0
3,2016,12,14,0.0
1,2016,12,15,0.0
2,2016,12,15,0.0
3,2016,12,15,0.0
1,2016,12,16,0.0
2,2016,12,16,0.0
3,2016,12,16,0.0
1,2016,12,17,0.0
2,2016,12,17,0.0
3,2016,12,17,0.0
1,2016,12,18,0.0
2,2016,12,18,0.0
3,2016,12,18,0.0
1,2016,12,19,0.22000000000000003
2,2016,12,19,0.23666666666666672
3,2016,12,19,0.3114285714285715
1,2016,12,20,0.302857142857143
2,2016,12,20,0.3300000000000002
3,2016,12,20,0.28142857142857153
1,2016,12,21,0.0
2,2016,12,21,0.0
3,2016,12,21,0.0
1,2016,12,22,0.022857142857142857
2,2016,12,22,0.013333333333333334
3,2016,12,22,0.014285714285714285
1,2016,12,23,1.010000000000001
2,2016,12,23,1.0366666666666673
3,2016,12,23,0.9928571428571435
1,2016,12,24,0.047142857142857146
2,2016,12,24,0.043333333333333335
3,2016,12,24,0.02857142857142857
1,2016,12,25,0.015714285714285715
2,2016,12,25,0.006666666666666667
3,2016,12,25,0.008571428571428572
1,2016,12,26,0.017142857142857144
2,2016,12,26,0.02666666666666667
3,2016,12,26,0.03571428571428571
1,2016,12,27,0.38000000000000017
2,2016,12,27,0.3533333333333335
3,2016,12,27,0.3885714285714288
1,2016,12,28,0.0014285714285714286
2,2016,12,28,0.0
3,2016,12,28,0.0
1,2016,12,29,0.0071428571428571435
2,2016,12,29,0.023333333333333334
3,2016,12,29,0.027142857142857142
1,2016,12,30,0.2971428571428572
2,2016,12,30,0.2266666666666667
3,2016,12,30,0.14857142857142858
1,2016,12,31,0.0071428571428571435
2,2016,12,31,0.0033333333333333335
3,2016,12,31,0.005714285714285714
1,2017,1,1,0.21000000000000002
2,2017,1,1,0.13
3,2017,1,1,0.17714285714285719
1,2017,1,2,0.0
2,2017,1,2,0.0
3,2017,1,2,0.0014285714285714286
1,2017,1,3,0.0
2,2017,1,3,0.0
3,2017,1,3,0.0
1,2017,1,4,0.0
2,2017,1,4,0.0
3,2017,1,4,0.0
1,2017,1,5,0.0
2,2017,1,5,0.0
3,2017,1,5,0.0
1,2017,1,6,0.0
2,2017,1,6,0.0
3,2017,1,6,0.0
1,2017,1,7,0.0
2,2017,1,7,0.0
3,2017,1,7,0.0
1,2017,1,8,0.34000000000000014
2,2017,1,8,0.42000000000000015
3,2017,1,8,0.3385714285714286
1,2017,1,9,0.28142857142857153
2,2017,1,9,0.2666666666666668
3,2017,1,9,0.2828571428571429
1,2017,1,10,0.14142857142857143
2,2017,1,10,0.13999999999999999
3,2017,1,10,0.15
1,2017,1,11,0.0
2,2017,1,11,0.0
3,2017,1,11,0.0
1,2017,1,12,0.0
2,2017,1,12,0.0
3,2017,1,12,0.0
1,2017,1,13,0.0
2,2017,1,13,0.0
3,2017,1,13,0.0
1,2017,1,14,0.0
2,2017,1,14,0.0
3,2017,1,14,0.0
1,2017,1,15,0.0
2,2017,1,15,0.0
3,2017,1,15,0.0
1,2017,1,16,0.0
2,2017,1,16,0.0
3,2017,1,16,0.0
1,2017,1,17,0.5228571428571431
2,2017,1,17,0.576666666666667
3,2017,1,17,0.6042857142857146
1,2017,1,18,1.94857142857143
2,2017,1,18,1.9100000000000013
3,2017,1,18,1.8857142857142872
1,2017,1,19,0.4442857142857145
2,2017,1,19,0.4100000000000002
3,2017,1,19,0.4200000000000002
1,2017,1,20,0.01
2,2017,1,20,0.0033333333333333335
3,2017,1,20,0.002857142857142857
1,2017,1,21,0.002857142857142857
2,2017,1,21,0.006666666666666667
3,2017,1,21,0.004285714285714286
1,2017,1,22,0.23142857142857146
2,2017,1,22,0.2066666666666667
3,2017,1,22,0.16714285714285712
1,2017,1,23,0.0014285714285714286
2,2017,1,23,0.0033333333333333335
3,2017,1,23,0.0014285714285714286
1,2017,1,24,0.0014285714285714286
2,2017,1,24,0.0
3,2017,1,24,0.0
1,2017,1,25,0.004285714285714286
2,2017,1,25,0.0033333333333333335
3,2017,1,25,0.002857142857142857
1,2017,1,26,0.002857142857142857
2,2017,1,26,0.0
3,2017,1,26,0.0
1,2017,1,27,0.0
2,2017,1,27,0.0
3,2017,1,27,0.0
1,2017,1,28,0.0
2,2017,1,28,0.0
3,2017,1,28,0.0
1,2017,1,29,0.0
2,2017,1,29,0.0
3,2017,1,29,0.0
1,2017,1,30,0.0
2,2017,1,30,0.0
3,2017,1,30,0.0
1,2017,1,31,0.0
2,2017,1,31,0.0
3,2017,1,31,0.0
1,2017,2,1,0.0
2,2017,2,1,0.0
3,2017,2,1,0.0
1,2017,2,2,0.0
2,2017,2,2,0.0
3,2017,2,2,0.0
1,2017,2,3,0.41000000000000014
2,2017,2,3,0.42000000000000015
3,2017,2,3,0.422857142857143
1,2017,2,4,0.8242857142857148
2,2017,2,4,0.8233333333333338
3,2017,2,4,0.8928571428571435
1,2017,2,5,0.2585714285714286
2,2017,2,5,0.3233333333333335
3,2017,2,5,0.3785714285714287
1,2017,2,6,0.7114285714285717
2,2017,2,6,0.9733333333333339
3,2017,2,6,0.911428571428572
1,2017,2,7,0.061428571428571443
2,2017,2,7,0.10000000000000003
3,2017,2,7,0.12142857142857147
1,2017,2,8,0.2585714285714286
2,2017,2,8,0.2800000000000001
3,2017,2,8,0.20857142857142863
1,2017,2,9,1.825714285714287
2,2017,2,9,2.010000000000001
3,2017,2,9,2.0557142857142865
1,2017,2,10,0.13857142857142857
2,2017,2,10,0.15000000000000002
3,2017,2,10,0.1342857142857143
1,2017,2,11,0.0014285714285714286
2,2017,2,11,0.0
3,2017,2,11,0.0014285714285714286
1,2017,2,12,0.0014285714285714286
2,2017,2,12,0.0
3,2017,2,12,0.0
1,2017,2,13,0.0
2,2017,2,13,0.0
3,2017,2,13,0.0
1,2017,2,14,0.0
2,2017,2,14,0.0
3,2017,2,14,0.0
1,2017,2,15,1.5485714285714298
2,2017,2,15,1.6633333333333347
3,2017,2,15,1.562857142857144
1,2017,2,16,0.8071428571428576
2,2017,2,16,0.7266666666666671
3,2017,2,16,0.728571428571429
1,2017,2,17,0.0
2,2017,2,17,0.0
3,2017,2,17,0.0014285714285714286
1,2017,2,18,0.09571428571428571
2,2017,2,18,0.10333333333333332
3,2017,2,18,0.11857142857142855
1,2017,2,19,0.12999999999999998
2,2017,2,19,0.11666666666666665
3,2017,2,19,0.11285714285714285
1,2017,2,20,0.2185714285714286
2,2017,2,20,0.24666666666666673
3,2017,2,20,0.23571428571428577
1,2017,2,21,0.05285714285714286
2,2017,2,21,0.07
3,2017,2,21,0.04142857142857143
1,2017,2,22,0.1442857142857143
2,2017,2,22,0.14333333333333334
3,2017,2,22,0.1757142857142857
1,2017,2,23,0.02
2,2017,2,23,0.07333333333333332
3,2017,2,23,0.027142857142857142
1,2017,2,24,0.005714285714285714
2,2017,2,24,0.0
3,2017,2,24,0.0
1,2017,2,25,0.0
2,2017,2,25,0.0
3,2017,2,25,0.0
1,2017,2,26,0.25142857142857145
2,2017,2,26,0.2433333333333334
3,2017,2,26,0.30857142857142866
1,2017,2,27,0.32571428571428573
2,2017,2,27,0.3600000000000001
3,2017,2,27,0.2628571428571429
1,2017,2,28,0.13714285714285715
2,2017,2,28,0.1666666666666667
3,2017,2,28,0.11571428571428573
1,2017,3,1,0.0
2,2017,3,1,0.0
3,2017,3,1,0.0
1,2017,3,2,0.005714285714285714
2,2017,3,2,0.0
3,2017,3,2,0.002857142857142857
1,2017,3,3,0.29285714285714287
2,2017,3,3,0.3133333333333334
3,2017,3,3,0.36714285714285727
1,2017,3,4,0.20000000000000004
2,2017,3,4,0.17
3,2017,3,4,0.20428571428571426
1,2017,3,5,0.12714285714285714
2,2017,3,5,0.09666666666666666
3,2017,3,5,0.10857142857142857
1,2017,3,6,0.015714285714285715
2,2017,3,6,0.0033333333333333335
3,2017,3,6,0.002857142857142857
1,2017,3,7,0.4485714285714288
2,2017,3,7,0.4300000000000002
3,2017,3,7,0.48428571428571454
1,2017,3,8,0.012857142857142855
2,2017,3,8,0.01
3,2017,3,8,0.02857142857142857
1,2017,3,9,0.4000000000000002
2,2017,3,9,0.4200000000000002
3,2017,3,9,0.462857142857143
1,2017,3,10,0.2771428571428572
2,2017,3,10,0.26000000000000006
3,2017,3,10,0.2
1,2017,3,11,0.2585714285714286
2,2017,3,11,0.2766666666666668
3,2017,3,11,0.27571428571428575
1,2017,3,12,0.060000000000000005
2,2017,3,12,0.043333333333333335
3,2017,3,12,0.027142857142857142
1,2017,3,13,0.39714285714285735
2,2017,3,13,0.4533333333333336
3,2017,3,13,0.5271428571428575
1,2017,3,14,0.5871428571428574
2,2017,3,14,0.5700000000000003
3,2017,3,14,0.4071428571428573
1,2017,3,15,0.6214285714285718
2,2017,3,15,0.6800000000000003
3,2017,3,15,0.7328571428571432
1,2017,3,16,0.005714285714285714
2,2017,3,16,0.01
3,2017,3,16,0.01
1,2017,3,17,0.26428571428571435
2,2017,3,17,0.2666666666666668
3,2017,3,17,0.24000000000000002
1,2017,3,18,1.0157142857142865
2,2017,3,18,0.9633333333333339
3,2017,3,18,0.928571428571429
1,2017,3,19,0.002857142857142857
2,2017,3,19,0.0
3,2017,3,19,0.0
1,2017,3,20,0.0
2,2017,3,20,0.0
3,2017,3,20,0.0
1,2017,3,21,0.13428571428571429
2,2017,3,21,0.13999999999999999
3,2017,3,21,0.15
1,2017,3,22,0.06285714285714286
2,2017,3,22,0.09000000000000001
3,2017,3,22,0.04571428571428572
1,2017,3,23,0.0
2,2017,3,23,0.0
3,2017,3,23,0.0
1,2017,3,24,0.5242857142857146
2,2017,3,24,0.576666666666667
3,2017,3,24,0.5185714285714289
1,2017,3,25,0.10999999999999999
2,2017,3,25,0.12333333333333331
3,2017,3,25,0.12428571428571429
1,2017,3,26,0.1742857142857143
2,2017,3,26,0.19333333333333336
3,2017,3,26,0.22142857142857147
1,2017,3,27,0.06714285714285714
2,2017,3,27,0.06333333333333334
3,2017,3,27,0.10571428571428572
1,2017,3,28,0.042857142857142864
2,2017,3,28,0.02666666666666667
3,2017,3,28,0.08285714285714285
1,2017,3,29,0.532857142857143
2,2017,3,29,0.546666666666667
3,2017,3,29,0.49000000000000027
1,2017,3,30,0.21428571428571433
2,2017,3,30,0.06
3,2017,3,30,0.008571428571428572
1,2017,3,31,0.0014285714285714286
2,2017,3,31,0.0
3,2017,3,31,0.0
1,2017,4,1,0.004285714285714286
2,2017,4,1,0.0033333333333333335
3,2017,4,1,0.022857142857142857
1,2017,4,2,0.1285714285714286
2,2017,4,2,0.17
3,2017,4,2,0.054285714285714284
1,2017,4,3,0.027142857142857142
2,2017,4,3,0.0033333333333333335
3,2017,4,3,0.014285714285714285
1,2017,4,4,0.0
2,2017,4,4,0.0
3,2017,4,4,0.0
1,2017,4,5,0.545714285714286
2,2017,4,5,0.5700000000000003
3,2017,4,5,0.595714285714286
1,2017,4,6,0.23285714285714287
2,2017,4,6,0.22333333333333338
3,2017,4,6,0.2357142857142858
1,2017,4,7,0.20571428571428577
2,2017,4,7,0.22000000000000006
3,2017,4,7,0.14857142857142858
1,2017,4,8,0.27857142857142864
2,2017,4,8,0.2633333333333334
3,2017,4,8,0.16857142857142857
1,2017,4,9,0.0
2,2017,4,9,0.0
3,2017,4,9,0.018571428571428572
1,2017,4,10,0.4142857142857144
2,2017,4,10,0.33000000000000007
3,2017,4,10,0.26571428571428574
1,2017,4,11,0.018571428571428572
2,2017,4,11,0.016666666666666666
3,2017,4,11,0.031428571428571424
1,2017,4,12,0.7228571428571432
2,2017,4,12,0.7800000000000006
3,2017,4,12,0.6914285714285718
1,2017,4,13,0.2700000000000001
2,2017,4,13,0.25666666666666677
3,2017,4,13,0.2771428571428572
1,2017,4,14,0.0
2,2017,4,14,0.0
3,2017,4,14,0.03
1,2017,4,15,0.0
2,2017,4,15,0.0
3,2017,4,15,0.0
1,2017,4,16,0.0
2,2017,4,16,0.0
3,2017,4,16,0.0
1,2017,4,17,0.008571428571428572
2,2017,4,17,0.02
3,2017,4,17,0.02428571428571429
1,2017,4,18,0.10285714285714286
2,2017,4,18,0.08666666666666667
3,2017,4,18,0.16285714285714287
1,2017,4,19,0.2600000000000001
2,2017,4,19,0.22000000000000006
3,2017,4,19,0.16
1,2017,4,20,0.30571428571428577
2,2017,4,20,0.30000000000000004
3,2017,4,20,0.28142857142857153
1,2017,4,21,0.0
2,2017,4,21,0.0
3,2017,4,21,0.0
1,2017,4,22,0.07
2,2017,4,22,0.09666666666666666
3,2017,4,22,0.12142857142857141
1,2017,4,23,0.2
2,2017,4,23,0.20333333333333337
3,2017,4,23,0.14285714285714285
1,2017,4,24,0.018571428571428572
2,2017,4,24,0.03666666666666667
3,2017,4,24,0.1457142857142857
1,2017,4,25,0.0
2,2017,4,25,0.0
3,2017,4,25,0.0
1,2017,4,26,0.26142857142857145
2,2017,4,26,0.3166666666666667
3,2017,4,26,0.028571428571428574
1,2017,4,27,0.1328571428571429
2,2017,4,27,0.14
3,2017,4,27,0.02
1,2017,4,28,0.054285714285714284
2,2017,4,28,0.03333333333333333
3,2017,4,28,0.02142857142857143
1,2017,4,29,0.0
2,2017,4,29,0.0
3,2017,4,29,0.0
1,2017,4,30,0.05142857142857142
2,2017,4,30,0.04666666666666667
3,2017,4,30,0.05714285714285715
1,2017,5,1,0.005714285714285714
2,2017,5,1,0.0033333333333333335
3,2017,5,1,0.039999999999999994
