index,StationName,StationLocation,DateTime,RecordId,RoadSurfaceTemperature,AirTemperature
20954719,AlaskanWayViaduct_KingSt,"(47.598438, -122.335612)",04/18/2017 07:09:00 AM,1278200,52.13,53.68
16353474,AlbroPlaceAirportWay,"(47.547426, -122.314114)",06/05/2016 11:08:00 PM,1109222,91.9,79.23
13522942,AlaskanWayViaduct_KingSt,"(47.598438, -122.335612)",02/11/2016 07:36:00 PM,656927,53.64,51.2
29290714,MagnoliaBridge,"(47.633454, -122.387341)",01/18/2018 02:55:00 PM,2679172,46.1,44.95
16082436,AlbroPlaceAirportWay,"(47.547426, -122.314114)",05/18/2016 06:53:00 AM,1082327,62.43,56.67
20285449,SpokaneSwingBridge,"(47.571389, -122.351743)",03/06/2017 08:54:00 AM,2167825,39.77,39.66
10243954,AlbroPlaceAirportWay,"(47.547426, -122.314114)",11/29/2015 01:28:00 AM,835822,32.47,30.9
964098,RooseveltWay_NE80thSt,"(47.692098, -122.31765)",04/16/2014 06:39:00 AM,735423,51.5,51.5
30209743,SpokaneSwingBridge,"(47.571389, -122.351743)",03/07/2018 05:20:00 PM,2695371,49.44,48.53
16225269,HarborAveUpperNorthBridge,"(47.571695, -122.370873)",05/27/2016 11:00:00 AM,807643,66.96,58.52
23272678,MagnoliaBridge,"(47.633454, -122.387341)",06/14/2017 06:47:00 PM,2365425,78.11,60.88
13546589,AlaskanWayViaduct_KingSt,"(47.598438, -122.335612)",02/11/2016 06:09:00 PM,656840,53.98,51.13
4403518,HarborAveUpperNorthBridge,"(47.571695, -122.370873)",01/11/2015 12:39:00 AM,84201,46.24,45.64
5482663,AlbroPlaceAirportWay,"(47.547426, -122.314114)",03/10/2015 01:06:00 PM,456300,65.59,51.32
27884649,SpokaneSwingBridge,"(47.571389, -122.351743)",11/14/2017 08:24:00 PM,2532835,52.95,54.98
2958278,AuroraBridge,"(47.643174, -122.347278)",09/22/2014 03:53:00 PM,985197,76.03,70.67
8660782,SpokaneSwingBridge,"(47.571389, -122.351743)",09/01/2015 08:28:00 AM,1372859,62.46,63.51
30535494,HarborAveUpperNorthBridge,"(47.571695, -122.370873)",03/23/2018 06:54:00 AM,1764996,39.34,42.01
31428011,SpokaneSwingBridge,"(47.571389, -122.351743)",04/10/2018 09:00:00 PM,2744491,57.13,60.47
7656174,AlaskanWayViaduct_KingSt,"(47.598438, -122.335612)",07/10/2015 04:26:00 PM,345637,83.8,75.34
3393079,NE45StViaduct,"(47.66127, -122.301929)",10/31/2014 12:15:00 AM,1041669,55.91,54.29
24115229,MagnoliaBridge,"(47.633454, -122.387341)",06/29/2017 07:56:00 PM,2387094,85.4,71.1
1915279,MagnoliaBridge,"(47.633454, -122.387341)",06/22/2014 09:31:00 AM,798147,74.7,62.62
18378733,RooseveltWay_NE80thSt,"(47.692098, -122.31765)",10/26/2016 12:22:00 PM,2066326,54.25,54.25
3672237,JoseRizalBridgeNorth,"(47.59653, -122.317301)",11/22/2014 12:30:00 AM,912271,45.85,48.27
17237780,AuroraBridge,"(47.643174, -122.347278)",08/09/2016 08:08:00 PM,1921659,72.2,65.58
30976324,RooseveltWay_NE80thSt,"(47.692098, -122.31765)",04/05/2018 04:37:00 AM,2823300,46.15,46.15
20533277,MagnoliaBridge,"(47.633454, -122.387341)",03/21/2017 09:07:00 PM,2243165,49.74,50.81
10018702,AlbroPlaceAirportWay,"(47.547426, -122.314114)",11/16/2015 06:27:00 AM,817401,36.34,36.55
22251748,AuroraBridge,"(47.643174, -122.347278)",06/02/2017 07:28:00 PM,2318684,77.57,65.54
416761,35thAveSW_SWMyrtleSt,"(47.53918, -122.37658)",05/04/2014 08:00:00 PM,762218,54.95,54.95
8228571,35thAveSW_SWMyrtleSt,"(47.53918, -122.37658)",08/10/2015 11:44:00 PM,284139,78.15,78.15
16532340,RooseveltWay_NE80thSt,"(47.692098, -122.31765)",06/19/2016 10:13:00 PM,1881158,68.78,68.78
21502562,MagnoliaBridge,"(47.633454, -122.387341)",05/20/2017 07:03:00 PM,2329441,84.7,67.03
5320679,RooseveltWay_NE80thSt,"(47.692098, -122.31765)",03/02/2015 09:28:00 AM,1196452,46.66,46.66
4526066,JoseRizalBridgeNorth,"(47.59653, -122.317301)",01/18/2015 05:12:00 AM,994633,48.36,49.95
31082938,SpokaneSwingBridge,"(47.571389, -122.351743)",04/06/2018 03:38:00 AM,2737689,52.35,55.49
6892936,HarborAveUpperNorthBridge,"(47.571695, -122.370873)",05/26/2015 10:18:00 AM,279121,73.98,62.01
14564931,HarborAveUpperNorthBridge,"(47.571695, -122.370873)",03/04/2016 04:45:00 PM,687088,51.35,50.0
31496559,SpokaneSwingBridge,"(47.571389, -122.351743)",04/12/2018 07:41:00 AM,2746572,44.94,48.5
5232078,AuroraBridge,"(47.643174, -122.347278)",02/26/2015 10:34:00 AM,1211018,48.97,48.63
27193609,AuroraBridge,"(47.643174, -122.347278)",10/08/2017 05:43:00 AM,2502177,53.63,48.09
18534058,RooseveltWay_NE80thSt,"(47.692098, -122.31765)",11/08/2016 04:22:00 AM,2084626,51.8,51.8
25561148,NE45StViaduct,"(47.66127, -122.301929)",08/07/2017 08:16:00 PM,2498712,89.6,77.73
11699117,AuroraBridge,"(47.643174, -122.347278)",01/12/2016 05:22:00 PM,1672224,46.29,46.71
29131433,SpokaneSwingBridge,"(47.571389, -122.351743)",01/11/2018 02:55:00 PM,2616026,47.46,48.64
3329644,JoseRizalBridgeNorth,"(47.59653, -122.317301)",10/25/2014 09:10:00 AM,872411,50.01,51.13
21314176,SpokaneSwingBridge,"(47.571389, -122.351743)",05/08/2017 01:23:00 PM,2258754,73.37,60.67
8474443,AlbroPlaceAirportWay,"(47.547426, -122.314114)",08/22/2015 01:20:00 AM,693194,71.43,63.34
19743415,AlbroPlaceAirportWay,"(47.547426, -122.314114)",01/30/2017 01:01:00 AM,1452115,45.82,45.73
6214956,JoseRizalBridgeNorth,"(47.59653, -122.317301)",04/24/2015 01:00:00 PM,1133281,63.1,50.1
18045410,JoseRizalBridgeNorth,"(47.59653, -122.317301)",10/02/2016 07:57:00 PM,1892579,64.38,60.31
528004,MagnoliaBridge,"(47.633454, -122.387341)",05/01/2014 11:19:00 AM,723375,85.9,73.77
9639886,AlbroPlaceAirportWay,"(47.547426, -122.314114)",10/26/2015 01:10:00 AM,786784,53.51,55.46
2723107,NE45StViaduct,"(47.66127, -122.301929)",09/02/2014 12:07:00 AM,956701,72.4,63.89
12816264,35thAveSW_SWMyrtleSt,"(47.53918, -122.37658)",02/10/2016 12:07:00 PM,548462,46.67,46.67
3507637,SpokaneSwingBridge,"(47.571389, -122.351743)",11/09/2014 01:03:00 PM,946954,53.73,53.22
15023374,AuroraBridge,"(47.643174, -122.347278)",03/10/2016 12:47:00 AM,1754749,48.66,54.19
96695,HarborAveUpperNorthBridge,"(47.405028, -122.370873)",03/21/2014 02:52:00 AM,718015,43.11,41.97
6011059,JoseRizalBridgeNorth,"(47.59653, -122.317301)",04/10/2015 09:24:00 PM,1113625,53.93,48.15
10321053,NE45StViaduct,"(47.66127, -122.301929)",12/03/2015 09:28:00 AM,1615404,47.6,50.59
18102545,HarborAveUpperNorthBridge,"(47.571695, -122.370873)",10/06/2016 07:49:00 PM,998252,59.2,55.97
1451207,MagnoliaBridge,"(47.633454, -122.387341)",05/11/2014 09:54:00 PM,738410,66.19,58.16
22179033,MagnoliaBridge,"(47.633454, -122.387341)",06/01/2017 03:08:00 PM,2346486,90.7,61.77
21433877,NE45StViaduct,"(47.66127, -122.301929)",05/16/2017 11:44:00 AM,2378681,51.01,45.54
7268577,AlbroPlaceAirportWay,"(47.547426, -122.314114)",06/16/2015 06:07:00 PM,597721,100.7,70.54
25781298,SpokaneSwingBridge,"(47.571389, -122.351743)",08/10/2017 04:51:00 AM,2393602,72.46,77.72
29317227,RooseveltWay_NE80thSt,"(47.692098, -122.31765)",01/19/2018 01:30:00 PM,2714453,44.91,44.91
20668435,AuroraBridge,"(47.643174, -122.347278)",03/31/2017 12:50:00 AM,2226846,48.9,44.79
12909615,HarborAveUpperNorthBridge,"(47.571695, -122.370873)",02/10/2016 11:07:00 AM,653630,49.52,50.62
14179543,AuroraBridge,"(47.643174, -122.347278)",02/14/2016 02:20:00 AM,1718842,47.32,48.07
1444575,AlbroPlaceAirportWay,"(47.547426, -122.314114)",05/11/2014 07:55:00 AM,19672,56.96,52.15
22638927,AuroraBridge,"(47.643174, -122.347278)",06/09/2017 03:21:00 PM,2328517,76.39,58.93
9473651,MagnoliaBridge,"(47.633454, -122.387341)",10/15/2015 07:08:00 PM,1489925,61.22,59.16
6602733,AlaskanWayViaduct_KingSt,"(47.598438, -122.335612)",05/15/2015 10:07:00 PM,265338,67.8,64.72
12939850,AlbroPlaceAirportWay,"(47.547426, -122.314114)",02/10/2016 12:27:00 PM,941601,50.53,50.14
31412350,NE45StViaduct,"(47.66127, -122.301929)",04/10/2018 11:44:00 AM,2852404,57.82,55.63
10254218,AlaskanWayViaduct_KingSt,"(47.598438, -122.335612)",11/29/2015 07:01:00 PM,550332,36.83,39.43
374515,AlaskanWayViaduct_KingSt,"(47.598438, -122.335612)",04/11/2014 08:22:00 PM,747542,66.49,59.16
10130372,MagnoliaBridge,"(47.633454, -122.387341)",11/22/2015 05:03:00 AM,1543861,35.58,38.14
10465170,NE45StViaduct,"(47.66127, -122.301929)",12/09/2015 04:17:00 PM,1624453,52.51,51.51
16591115,AlbroPlaceAirportWay,"(47.547426, -122.314114)",06/24/2016 01:38:00 PM,1136012,85.3,66.6
12672582,AuroraBridge,"(47.643174, -122.347278)",02/09/2016 03:27:00 PM,1712429,54.1,59.44
18692037,35thAveSW_SWMyrtleSt,"(47.53918, -122.37658)",11/20/2016 03:28:00 AM,956903,50.33,50.33
11267556,HarborAveUpperNorthBridge,"(47.571695, -122.370873)",01/04/2016 12:02:00 PM,600405,38.01,36.97
22695917,AuroraBridge,"(47.643174, -122.347278)",06/10/2017 10:55:00 AM,2329691,71.56,60.1
7175199,MagnoliaBridge,"(47.633454, -122.387341)",06/09/2015 03:35:00 AM,1304672,70.63,60.79
9294744,RooseveltWay_NE80thSt,"(47.692098, -122.31765)",10/05/2015 07:43:00 PM,1509488,65.81,65.81
20719068,AlaskanWayViaduct_KingSt,"(47.598438, -122.335612)",04/03/2017 10:12:00 AM,1256783,50.1,48.72
29707938,SpokaneSwingBridge,"(47.571389, -122.351743)",02/07/2018 04:06:00 PM,2654977,55.27,55.13
24233816,MagnoliaBridge,"(47.633454, -122.387341)",07/03/2017 08:28:00 AM,2392166,66.75,58.19
27148723,SpokaneSwingBridge,"(47.571389, -122.351743)",10/07/2017 10:07:00 AM,2477438,54.12,56.33
28164258,MagnoliaBridge,"(47.633454, -122.387341)",11/30/2017 09:14:00 AM,2608271,43.79,43.74
22209201,JoseRizalBridgeNorth,"(47.59653, -122.317301)",06/02/2017 01:46:00 AM,2241408,67.69,57.66
27449073,HarborAveUpperNorthBridge,"(47.571695, -122.370873)",10/19/2017 02:05:00 PM,1542227,55.42,54.72
130506,AlbroPlaceAirportWay,"(47.547426, -122.314114)",03/23/2014 06:34:00 PM,513943,66.9,52.01
27142683,RooseveltWay_NE80thSt,"(47.692098, -122.31765)",10/07/2017 06:29:00 AM,2564212,53.9,53.9
26923521,SpokaneSwingBridge,"(47.571389, -122.351743)",10/03/2017 06:34:00 PM,2472185,56.92,60.85
25347385,NE45StViaduct,"(47.66127, -122.301929)",08/04/2017 05:04:00 AM,2493480,76.89,67.35
17568687,SpokaneSwingBridge,"(47.571389, -122.351743)",08/28/2016 08:04:00 PM,1894835,70.44,73.02
28306449,SpokaneSwingBridge,"(47.571389, -122.351743)",12/06/2017 12:25:00 PM,2564036,46.0,47.25
12887279,AlbroPlaceAirportWay,"(47.547426, -122.314114)",02/10/2016 03:50:00 PM,941804,53.68,55.14
10342545,MagnoliaBridge,"(47.633454, -122.387341)",12/04/2015 04:08:00 PM,1561806,48.93,49.87
16231687,NE45StViaduct,"(47.66127, -122.301929)",05/27/2016 10:23:00 PM,1869560,65.57,54.71
7251182,MagnoliaBridge,"(47.633454, -122.387341)",06/09/2015 02:34:00 PM,1305331,109.1,79.05
13962486,HarborAveUpperNorthBridge,"(47.571695, -122.370873)",02/12/2016 09:48:00 PM,657151,50.79,50.08
9423977,JoseRizalBridgeNorth,"(47.59653, -122.317301)",10/12/2015 09:32:00 PM,1380033,61.83,59.57
26210594,AuroraBridge,"(47.643174, -122.347278)",09/01/2017 04:25:00 AM,2448819,64.88,58.14
20890168,AuroraBridge,"(47.643174, -122.347278)",04/13/2017 05:42:00 PM,2246578,57.92,50.68
18820808,35thAveSW_SWMyrtleSt,"(47.53918, -122.37658)",11/29/2016 12:17:00 PM,970392,47.71,47.71
18947884,JoseRizalBridgeNorth,"(47.59653, -122.317301)",12/07/2016 10:32:00 PM,1987834,29.23,32.0
12019618,JoseRizalBridgeNorth,"(47.59653, -122.317301)",01/22/2016 04:58:00 PM,1526700,53.04,49.51
19270184,SpokaneSwingBridge,"(47.571389, -122.351743)",12/29/2016 05:24:00 AM,2071135,41.57,46.26
24912790,SpokaneSwingBridge,"(47.571389, -122.351743)",07/27/2017 03:39:00 AM,2373370,73.28,78.09
5627265,35thAveSW_SWMyrtleSt,"(47.53918, -122.37658)",03/18/2015 02:11:00 PM,74766,51.84,51.84
3748765,JoseRizalBridgeNorth,"(47.59653, -122.317301)",11/27/2014 09:49:00 AM,920030,55.05,57.34
18143111,JoseRizalBridgeNorth,"(47.59653, -122.317301)",10/09/2016 06:41:00 PM,1902583,59.28,54.2
31605667,SpokaneSwingBridge,"(47.571389, -122.351743)",04/15/2018 01:05:00 AM,2750496,48.36,52.74
12185073,SpokaneSwingBridge,"(47.571389, -122.351743)",01/29/2016 09:39:00 PM,1589710,46.09,48.52
19843740,JoseRizalBridgeNorth,"(47.59653, -122.317301)",02/04/2017 09:09:00 PM,2072711,41.99,42.66
21123376,MagnoliaBridge,"(47.633454, -122.387341)",04/28/2017 02:51:00 AM,2296789,52.08,46.26
30434425,RooseveltWay_NE80thSt,"(47.692098, -122.31765)",03/16/2018 03:13:00 PM,2795136,65.99,65.99
13425404,SpokaneSwingBridge,"(47.571389, -122.351743)",02/11/2016 06:26:00 PM,1608237,53.67,57.8
20391941,AuroraBridge,"(47.643174, -122.347278)",03/12/2017 07:38:00 AM,2199894,45.27,46.95
31626409,SpokaneSwingBridge,"(47.571389, -122.351743)",04/15/2018 09:01:00 PM,2751692,50.61,51.83
29808181,35thAveSW_SWMyrtleSt,"(47.53918, -122.37658)",02/12/2018 12:26:00 PM,1604001,42.08,42.08
25712980,RooseveltWay_NE80thSt,"(47.692098, -122.31765)",08/10/2017 03:16:00 AM,2480499,75.47,75.47
7605847,AuroraBridge,"(47.643174, -122.347278)",07/07/2015 03:34:00 PM,1399898,89.8,76.22
9120935,HarborAveUpperNorthBridge,"(47.571695, -122.370873)",09/27/2015 06:51:00 PM,458194,64.65,55.54
1479173,35thAveSW_SWMyrtleSt,"(47.53918, -122.37658)",05/14/2014 09:07:00 AM,775965,68.75,68.75
6068076,NE45StViaduct,"(47.66127, -122.301929)",04/14/2015 01:29:00 PM,1280064,68.26,51.74
23782077,35thAveSW_SWMyrtleSt,"(47.53918, -122.37658)",06/20/2017 08:33:00 PM,1263148,67.7,67.7
11679745,RooseveltWay_NE80thSt,"(47.692098, -122.31765)",01/12/2016 01:05:00 PM,1651710,45.04,45.04
9535183,SpokaneSwingBridge,"(47.571389, -122.351743)",10/19/2015 08:39:00 AM,1441990,60.42,61.73
5989462,AuroraBridge,"(47.643174, -122.347278)",04/09/2015 12:53:00 PM,1271577,66.6,58.43
7293887,AlbroPlaceAirportWay,"(47.547426, -122.314114)",06/18/2015 06:29:00 AM,599903,71.89,61.23
14287475,35thAveSW_SWMyrtleSt,"(47.53918, -122.37658)",02/18/2016 04:52:00 PM,560267,48.89,48.89
4819074,AuroraBridge,"(47.643174, -122.347278)",02/01/2015 11:18:00 AM,1175062,44.52,44.85
19644220,RooseveltWay_NE80thSt,"(47.692098, -122.31765)",01/23/2017 07:30:00 PM,2194974,39.6,39.6
28024368,RooseveltWay_NE80thSt,"(47.692098, -122.31765)",11/22/2017 03:43:00 AM,2630346,52.36,52.36
24191400,NE45StViaduct,"(47.66127, -122.301929)",06/30/2017 06:25:00 PM,2443882,103.4,80.6
7780511,SpokaneSwingBridge,"(47.571389, -122.351743)",07/16/2015 03:19:00 PM,1305590,104.6,82.8
25951081,SpokaneSwingBridge,"(47.571389, -122.351743)",08/15/2017 01:05:00 PM,2401296,90.1,72.38
26028475,RooseveltWay_NE80thSt,"(47.692098, -122.31765)",08/20/2017 03:37:00 AM,2494920,65.21,65.21
3992567,AlaskanWayViaduct_KingSt,"(47.598438, -122.335612)",12/14/2014 04:55:00 AM,45486,40.84,45.93
4135887,JoseRizalBridgeNorth,"(47.59653, -122.317301)",12/24/2014 07:15:00 AM,958756,41.44,40.36
957894,NE45StViaduct,"(47.66127, -122.301929)",05/05/2014 02:19:00 PM,784753,68.71,58.42
27012481,AlaskanWayViaduct_KingSt,"(47.598438, -122.335612)",10/05/2017 09:47:00 AM,1523156,57.99,56.0
27359276,AlaskanWayViaduct_KingSt,"(47.598438, -122.335612)",10/17/2017 12:30:00 AM,1539879,56.01,56.79
783939,AlaskanWayViaduct_KingSt,"(47.598438, -122.335612)",04/25/2014 03:49:00 AM,766709,45.86,50.8
16609211,JoseRizalBridgeNorth,"(47.59653, -122.317301)",06/25/2016 04:59:00 AM,1749121,63.46,57.37
7764421,JoseRizalBridgeNorth,"(47.59653, -122.317301)",07/15/2015 10:01:00 PM,1251902,85.1,69.05
821273,AlbroPlaceAirportWay,"(47.547426, -122.314114)",05/08/2014 08:51:00 PM,16128,58.85,54.91
17808380,AuroraBridge,"(47.643174, -122.347278)",09/13/2016 02:54:00 PM,1971745,79.61,70.05
880537,MagnoliaBridge,"(47.633454, -122.387341)",04/19/2014 05:28:00 PM,706464,55.78,51.8
4634098,HarborAveUpperNorthBridge,"(47.571695, -122.370873)",01/23/2015 01:36:00 PM,102258,51.08,51.16
22366053,AlbroPlaceAirportWay,"(47.547426, -122.314114)",06/05/2017 09:15:00 AM,1633988,69.97,57.25
2411828,RooseveltWay_NE80thSt,"(47.692098, -122.31765)",08/05/2014 11:07:00 AM,895531,85.5,85.5
12341279,AlaskanWayViaduct_KingSt,"(47.598438, -122.335612)",02/03/2016 12:05:00 AM,644236,45.03,45.65
15266746,NE45StViaduct,"(47.66127, -122.301929)",03/25/2016 05:40:00 PM,1778557,62.19,54.08
2887835,35thAveSW_SWMyrtleSt,"(47.53918, -122.37658)",09/16/2014 01:41:00 PM,956239,91.7,91.7
3024634,SpokaneSwingBridge,"(47.571389, -122.351743)",09/28/2014 01:18:00 PM,886429,67.05,61.65
9626299,NE45StViaduct,"(47.66127, -122.301929)",10/25/2015 04:47:00 AM,1558902,49.99,50.68
24043123,HarborAveUpperNorthBridge,"(47.571695, -122.370873)",06/29/2017 12:17:00 PM,1380840,88.9,66.67
24557697,SpokaneSwingBridge,"(47.571389, -122.351743)",07/12/2017 12:58:00 PM,2352329,96.0,73.15
8799097,MagnoliaBridge,"(47.633454, -122.387341)",09/09/2015 07:46:00 AM,1437403,62.58,61.41
10017725,JoseRizalBridgeNorth,"(47.59653, -122.317301)",11/16/2015 04:50:00 AM,1429492,35.28,37.76
1349867,SpokaneSwingBridge,"(47.571389, -122.351743)",04/21/2014 06:36:00 AM,655627,54.03,59.12
19311835,JoseRizalBridgeNorth,"(47.59653, -122.317301)",01/01/2017 01:21:00 AM,2022563,35.04,34.69
17492609,AlbroPlaceAirportWay,"(47.547426, -122.314114)",08/23/2016 09:00:00 PM,1222854,82.9,71.87
20604115,RooseveltWay_NE80thSt,"(47.692098, -122.31765)",03/26/2017 06:06:00 PM,2284110,50.29,50.29
24564876,SpokaneSwingBridge,"(47.571389, -122.351743)",07/12/2017 07:50:00 AM,2352021,67.41,68.71
14222043,AuroraBridge,"(47.643174, -122.347278)",02/16/2016 10:54:00 AM,1722236,50.63,49.82
5304152,NE45StViaduct,"(47.66127, -122.301929)",03/01/2015 06:16:00 AM,1216331,37.01,34.75
30629464,35thAveSW_SWMyrtleSt,"(47.53918, -122.37658)",03/28/2018 03:27:00 PM,1667482,50.91,50.91
707341,MagnoliaBridge,"(47.633454, -122.387341)",05/03/2014 03:49:00 AM,725805,58.25,52.4
3033038,AuroraBridge,"(47.643174, -122.347278)",09/29/2014 07:17:00 AM,994761,57.63,54.77
16447088,HarborAveUpperNorthBridge,"(47.571695, -122.370873)",06/12/2016 09:32:00 PM,831315,73.9,60.04
7060420,35thAveSW_SWMyrtleSt,"(47.53918, -122.37658)",06/04/2015 01:49:00 PM,187064,67.49,67.49
29250652,HarborAveUpperNorthBridge,"(47.571695, -122.370873)",01/17/2018 04:01:00 PM,1672003,49.91,49.14
14491682,SpokaneSwingBridge,"(47.571389, -122.351743)",02/29/2016 12:58:00 PM,1633829,51.29,49.94
8321771,JoseRizalBridgeNorth,"(47.59653, -122.317301)",08/15/2015 05:05:00 PM,1296246,80.8,70.18
28163035,AlaskanWayViaduct_KingSt,"(47.598438, -122.335612)",11/30/2017 09:26:00 AM,1603835,47.23,46.93
25570484,JoseRizalBridgeNorth,"(47.59653, -122.317301)",08/08/2017 05:54:00 AM,2338136,70.15,60.75
30520277,35thAveSW_SWMyrtleSt,"(47.53918, -122.37658)",03/22/2018 01:39:00 PM,1658734,48.51,48.51
8439333,35thAveSW_SWMyrtleSt,"(47.53918, -122.37658)",08/21/2015 12:47:00 AM,298602,72.24,72.24
2535786,SpokaneSwingBridge,"(47.571389, -122.351743)",08/16/2014 12:31:00 PM,824462,92.9,74.4
31587064,HarborAveUpperNorthBridge,"(47.571695, -122.370873)",04/14/2018 12:38:00 PM,1797020,53.74,52.28
8635282,AlaskanWayViaduct_KingSt,"(47.598438, -122.335612)",08/31/2015 01:04:00 AM,419595,63.82,63.31
16831748,HarborAveUpperNorthBridge,"(47.571695, -122.370873)",07/13/2016 08:24:00 AM,875167,68.64,61.59
10706772,JoseRizalBridgeNorth,"(47.59653, -122.317301)",12/20/2015 08:25:00 PM,1479387,41.35,41.8
15490484,NE45StViaduct,"(47.66127, -122.301929)",04/08/2016 07:20:00 PM,1798817,79.5,65.31
23243854,JoseRizalBridgeNorth,"(47.59653, -122.317301)",06/14/2017 06:22:00 PM,2259684,85.6,66.63
27994133,AlaskanWayViaduct_KingSt,"(47.598438, -122.335612)",11/20/2017 02:20:00 PM,1589729,51.29,49.47
9397909,RooseveltWay_NE80thSt,"(47.692098, -122.31765)",10/10/2015 10:40:00 PM,1516865,58.95,58.95
18367617,JoseRizalBridgeNorth,"(47.59653, -122.317301)",10/25/2016 07:29:00 PM,1925671,62.57,58.79
5310900,HarborAveUpperNorthBridge,"(47.571695, -122.370873)",03/01/2015 05:49:00 PM,155791,54.5,50.6
21400284,AlaskanWayViaduct_KingSt,"(47.598438, -122.335612)",05/14/2017 04:29:00 AM,1315480,50.12,54.63
19268242,AlaskanWayViaduct_KingSt,"(47.598438, -122.335612)",12/29/2016 02:33:00 AM,1119584,42.98,43.56
7693007,SpokaneSwingBridge,"(47.571389, -122.351743)",07/13/2015 01:16:00 AM,1300427,77.55,80.1
14326102,NE45StViaduct,"(47.66127, -122.301929)",02/21/2016 12:27:00 AM,1730063,43.17,42.06
30870027,SpokaneSwingBridge,"(47.571389, -122.351743)",04/03/2018 10:55:00 PM,2734526,51.62,54.53
20831446,HarborAveUpperNorthBridge,"(47.571695, -122.370873)",04/10/2017 09:56:00 AM,1265499,52.0,49.34
17629510,HarborAveUpperNorthBridge,"(47.571695, -122.370873)",09/01/2016 06:17:00 AM,947040,61.3,60.97
5868913,HarborAveUpperNorthBridge,"(47.571695, -122.370873)",04/01/2015 02:29:00 PM,200172,67.08,52.62
10829447,35thAveSW_SWMyrtleSt,"(47.53918, -122.37658)",12/26/2015 11:39:00 AM,482194,40.74,40.74
21911504,AlaskanWayViaduct_KingSt,"(47.598438, -122.335612)",05/30/2017 03:32:00 AM,1338463,61.69,65.12
10756147,AlaskanWayViaduct_KingSt,"(47.598438, -122.335612)",12/23/2015 10:23:00 PM,585094,40.05,41.48
22787137,AlaskanWayViaduct_KingSt,"(47.598438, -122.335612)",06/11/2017 03:21:00 PM,1356452,89.1,71.6
29375076,HarborAveUpperNorthBridge,"(47.571695, -122.370873)",01/22/2018 05:36:00 PM,1679298,46.2,44.32
11814762,AuroraBridge,"(47.643174, -122.347278)",01/15/2016 04:30:00 PM,1676492,44.27,46.93
7032546,35thAveSW_SWMyrtleSt,"(47.53918, -122.37658)",06/03/2015 10:31:00 AM,185426,63.93,63.93
22303217,AlaskanWayViaduct_KingSt,"(47.598438, -122.335612)",06/04/2017 05:30:00 AM,1345781,58.07,62.51
8669903,AlbroPlaceAirportWay,"(47.547426, -122.314114)",09/01/2015 05:53:00 PM,708587,66.53,61.17
12470037,AuroraBridge,"(47.643174, -122.347278)",02/06/2016 11:47:00 AM,1707889,46.35,48.84
1515298,JoseRizalBridgeNorth,"(47.59653, -122.317301)",05/17/2014 03:19:00 PM,640940,85.7,66.18
1462400,JoseRizalBridgeNorth,"(47.59653, -122.317301)",05/12/2014 09:33:00 PM,634114,79.83,69.59
27608420,35thAveSW_SWMyrtleSt,"(47.53918, -122.37658)",10/29/2017 02:14:00 PM,1451409,55.42,55.42
28889566,MagnoliaBridge,"(47.633454, -122.387341)",12/30/2017 09:43:00 AM,2651500,42.4,44.14
15162248,AlaskanWayViaduct_KingSt,"(47.598438, -122.335612)",03/18/2016 12:53:00 PM,708304,69.38,51.72
25780033,NE45StViaduct,"(47.66127, -122.301929)",08/10/2017 03:26:00 AM,2502022,77.5,67.99
17129943,AlaskanWayViaduct_KingSt,"(47.598438, -122.335612)",08/04/2016 03:21:00 AM,907892,64.54,68.55
206643,HarborAveUpperNorthBridge,"(47.405028, -122.370873)",03/29/2014 07:06:00 PM,730509,51.39,49.18
18773853,RooseveltWay_NE80thSt,"(47.692098, -122.31765)",11/25/2016 10:12:00 PM,2110176,46.88,46.88
23968711,SpokaneSwingBridge,"(47.571389, -122.351743)",06/26/2017 11:34:00 PM,2329925,74.79,77.51
26711076,HarborAveUpperNorthBridge,"(47.571695, -122.370873)",09/22/2017 09:47:00 AM,1503089,59.37,56.5
12559642,AlbroPlaceAirportWay,"(47.547426, -122.314114)",02/08/2016 12:33:00 PM,938727,56.87,51.16
23112910,NE45StViaduct,"(47.66127, -122.301929)",06/13/2017 04:01:00 PM,2419258,80.3,63.97
9597581,JoseRizalBridgeNorth,"(47.59653, -122.317301)",10/23/2015 10:29:00 AM,1395210,53.42,52.93
19763881,SpokaneSwingBridge,"(47.571389, -122.351743)",01/31/2017 09:49:00 AM,2118920,42.35,42.89
19277220,HarborAveUpperNorthBridge,"(47.571695, -122.370873)",12/29/2016 04:48:00 PM,1119091,44.87,46.4
8546909,AlbroPlaceAirportWay,"(47.547426, -122.314114)",08/25/2015 12:38:00 PM,698192,91.3,68.64
29420684,AlaskanWayViaduct_KingSt,"(47.598438, -122.335612)",01/24/2018 01:34:00 PM,1683282,48.8,46.75
14611506,AlbroPlaceAirportWay,"(47.547426, -122.314114)",03/07/2016 08:39:00 AM,978813,45.9,44.3
4537789,NE45StViaduct,"(47.66127, -122.301929)",01/19/2015 01:20:00 AM,1156995,45.71,46.74
17041038,HarborAveUpperNorthBridge,"(47.571695, -122.370873)",07/29/2016 10:00:00 AM,898303,82.2,72.82
30375391,HarborAveUpperNorthBridge,"(47.571695, -122.370873)",03/14/2018 04:54:00 PM,1752636,67.67,52.98
1416173,RooseveltWay_NE80thSt,"(47.692098, -122.31765)",04/18/2014 12:02:00 AM,737906,48.24,48.24
5999234,RooseveltWay_NE80thSt,"(47.692098, -122.31765)",04/10/2015 02:39:00 AM,1252144,55.21,55.21
19628769,MagnoliaBridge,"(47.633454, -122.387341)",01/22/2017 07:05:00 PM,2159583,41.81,43.28
15474409,AuroraBridge,"(47.643174, -122.347278)",04/07/2016 10:14:00 PM,1796297,68.34,57.85
27511886,AlaskanWayViaduct_KingSt,"(47.598438, -122.335612)",10/23/2017 01:32:00 PM,1549301,69.34,53.57
18623697,JoseRizalBridgeNorth,"(47.59653, -122.317301)",11/14/2016 09:53:00 PM,1954675,52.12,51.0
13830459,AlaskanWayViaduct_KingSt,"(47.598438, -122.335612)",02/12/2016 07:02:00 AM,657613,53.07,50.87
11097824,MagnoliaBridge,"(47.633454, -122.387341)",12/31/2015 10:23:00 AM,1600341,34.16,43.68
24125073,AuroraBridge,"(47.643174, -122.347278)",06/30/2017 02:32:00 AM,2357988,70.42,57.5
3006728,35thAveSW_SWMyrtleSt,"(47.53918, -122.37658)",09/26/2014 11:26:00 PM,971224,41.09,41.09
2713569,AuroraBridge,"(47.643174, -122.347278)",09/01/2014 04:13:00 AM,954257,64.98,59.27
20149209,NE45StViaduct,"(47.66127, -122.301929)",02/25/2017 02:56:00 PM,2263733,50.02,43.06
20216149,AlbroPlaceAirportWay,"(47.547426, -122.314114)",03/02/2017 12:24:00 AM,1496718,45.58,44.62
4131527,NE45StViaduct,"(47.66127, -122.301929)",12/23/2014 11:44:00 PM,1119459,44.77,42.17
20192064,RooseveltWay_NE80thSt,"(47.692098, -122.31765)",02/28/2017 11:36:00 AM,2246340,42.96,42.96
6048005,NE45StViaduct,"(47.66127, -122.301929)",04/13/2015 10:00:00 AM,1278415,53.53,50.14
11474443,SpokaneSwingBridge,"(47.571389, -122.351743)",01/06/2016 03:17:00 PM,1556208,47.27,49.6
15477810,MagnoliaBridge,"(47.633454, -122.387341)",04/08/2016 03:20:00 AM,1742419,59.45,54.29
17294697,35thAveSW_SWMyrtleSt,"(47.53918, -122.37658)",08/12/2016 10:35:00 PM,813990,77.55,77.55
7468002,AlbroPlaceAirportWay,"(47.547426, -122.314114)",06/30/2015 04:39:00 AM,617073,80.1,65.44
5357671,AuroraBridge,"(47.643174, -122.347278)",03/04/2015 06:53:00 AM,1219437,39.42,33.85
27510167,RooseveltWay_NE80thSt,"(47.692098, -122.31765)",10/23/2017 11:53:00 AM,2587576,61.62,61.62
403020,35thAveSW_SWMyrtleSt,"(47.53918, -122.37658)",05/01/2014 09:26:00 PM,757984,76.99,76.99
22580218,NE45StViaduct,"(47.66127, -122.301929)",06/08/2017 10:12:00 AM,2411709,63.8,58.22
11463573,JoseRizalBridgeNorth,"(47.59653, -122.317301)",01/06/2016 08:22:00 AM,1503144,36.86,39.11
13052289,NE45StViaduct,"(47.66127, -122.301929)",02/10/2016 09:06:00 AM,1714742,46.58,47.46
30047536,RooseveltWay_NE80thSt,"(47.692098, -122.31765)",02/28/2018 02:50:00 AM,2771413,39.62,39.62
25982015,RooseveltWay_NE80thSt,"(47.692098, -122.31765)",08/16/2017 03:26:00 PM,2489869,89.2,89.2
20836656,NE45StViaduct,"(47.66127, -122.301929)",04/10/2017 02:27:00 PM,2327004,63.0,51.4
6132048,JoseRizalBridgeNorth,"(47.59653, -122.317301)",04/18/2015 11:51:00 PM,1125292,65.22,54.86
3032787,AuroraBridge,"(47.643174, -122.347278)",09/29/2014 06:36:00 AM,994720,57.6,53.89
5161367,JoseRizalBridgeNorth,"(47.59653, -122.317301)",02/22/2015 01:12:00 AM,1044793,45.87,42.48
31578759,SpokaneSwingBridge,"(47.571389, -122.351743)",04/14/2018 05:38:00 AM,2749329,47.85,51.67
23446350,MagnoliaBridge,"(47.633454, -122.387341)",06/16/2017 03:19:00 AM,2367377,56.48,56.08
10734047,HarborAveUpperNorthBridge,"(47.571695, -122.370873)",12/22/2015 02:39:00 PM,581842,45.49,44.66
799820,AlbroPlaceAirportWay,"(47.547426, -122.314114)",04/23/2014 11:41:00 PM,558890,51.91,48.92
21450659,AlaskanWayViaduct_KingSt,"(47.598438, -122.335612)",05/17/2017 06:56:00 PM,1320667,66.95,58.6
3797361,JoseRizalBridgeNorth,"(47.59653, -122.317301)",11/30/2014 08:15:00 PM,924976,28.72,32.41
5112839,35thAveSW_SWMyrtleSt,"(47.53918, -122.37658)",02/19/2015 06:24:00 AM,35479,48.37,48.37
27218694,JoseRizalBridgeNorth,"(47.59653, -122.317301)",10/08/2017 05:39:00 PM,2426681,65.09,64.68
10114623,JoseRizalBridgeNorth,"(47.59653, -122.317301)",11/21/2015 07:27:00 AM,1436849,32.29,36.49
4284148,MagnoliaBridge,"(47.633454, -122.387341)",01/03/2015 04:43:00 PM,1079440,41.43,41.39
12369655,HarborAveUpperNorthBridge,"(47.571695, -122.370873)",02/04/2016 02:53:00 AM,644496,42.0,43.79
28132370,RooseveltWay_NE80thSt,"(47.692098, -122.31765)",11/29/2017 12:09:00 PM,2640932,49.11,49.11
21438647,NE45StViaduct,"(47.66127, -122.301929)",05/16/2017 08:21:00 PM,2379198,58.96,50.77
29801987,NE45StViaduct,"(47.66127, -122.301929)",02/12/2018 12:52:00 PM,2770452,50.22,45.83
20982247,AlbroPlaceAirportWay,"(47.547426, -122.314114)",04/19/2017 04:25:00 PM,1566738,61.9,56.44
24527928,NE45StViaduct,"(47.66127, -122.301929)",07/12/2017 09:46:00 AM,2460642,74.87,62.68
17698677,AuroraBridge,"(47.643174, -122.347278)",09/06/2016 01:37:00 AM,1960868,62.57,55.66
6947360,AlbroPlaceAirportWay,"(47.547426, -122.314114)",05/28/2015 07:34:00 PM,570448,95.4,79.73
11577643,NE45StViaduct,"(47.66127, -122.301929)",01/09/2016 07:02:00 PM,1669258,40.73,42.36
9246398,MagnoliaBridge,"(47.633454, -122.387341)",10/03/2015 06:13:00 AM,1471870,53.99,54.54
2958735,AlbroPlaceAirportWay,"(47.547426, -122.314114)",09/22/2014 04:55:00 PM,213172,87.0,73.09
21238665,NE45StViaduct,"(47.66127, -122.301929)",05/03/2017 09:52:00 AM,2359849,58.54,57.08
10466832,JoseRizalBridgeNorth,"(47.59653, -122.317301)",12/09/2015 09:19:00 PM,1463601,47.17,46.56
29931145,RooseveltWay_NE80thSt,"(47.692098, -122.31765)",02/20/2018 07:20:00 AM,2760163,31.31,31.31
11892546,AlaskanWayViaduct_KingSt,"(47.598438, -122.335612)",01/18/2016 02:11:00 AM,621322,45.2,45.97
18628319,MagnoliaBridge,"(47.633454, -122.387341)",11/15/2016 04:28:00 AM,2060786,50.16,48.4
2522595,MagnoliaBridge,"(47.633454, -122.387341)",08/15/2014 09:00:00 AM,875876,64.85,62.36
24198270,MagnoliaBridge,"(47.633454, -122.387341)",06/30/2017 10:07:00 PM,2388665,79.41,65.88
30537885,35thAveSW_SWMyrtleSt,"(47.53918, -122.37658)",03/23/2018 10:41:00 AM,1659996,44.11,44.11
29411872,AuroraBridge,"(47.643174, -122.347278)",01/24/2018 06:01:00 AM,2657775,44.51,47.73
546815,AuroraBridge,"(47.643174, -122.347278)",05/05/2014 05:56:00 PM,783720,63.73,57.93
12374687,35thAveSW_SWMyrtleSt,"(47.53918, -122.37658)",02/04/2016 06:39:00 AM,539494,43.4,43.4
10106349,AuroraBridge,"(47.643174, -122.347278)",11/20/2015 07:21:00 PM,1596023,44.27,39.2
18006201,AuroraBridge,"(47.643174, -122.347278)",09/30/2016 12:09:00 AM,1995340,62.01,55.32
30214267,SpokaneSwingBridge,"(47.571389, -122.351743)",03/08/2018 02:39:00 AM,2695930,44.2,49.13
19944839,AlbroPlaceAirportWay,"(47.547426, -122.314114)",02/11/2017 04:33:00 PM,1470327,48.29,47.13
23845152,SpokaneSwingBridge,"(47.571389, -122.351743)",06/23/2017 10:08:00 AM,2324799,82.2,69.88
17328754,AlbroPlaceAirportWay,"(47.547426, -122.314114)",08/14/2016 11:02:00 PM,1210016,84.7,71.74
28359702,MagnoliaBridge,"(47.633454, -122.387341)",12/08/2017 06:43:00 AM,2619640,37.59,37.16
30215613,AlaskanWayViaduct_KingSt,"(47.598438, -122.335612)",03/08/2018 04:40:00 AM,1744668,41.84,45.57
23403856,35thAveSW_SWMyrtleSt,"(47.53918, -122.37658)",06/15/2017 12:36:00 PM,1255471,64.82,64.82
7207443,35thAveSW_SWMyrtleSt,"(47.53918, -122.37658)",06/09/2015 10:46:00 AM,194081,69.87,69.87
30743569,NE45StViaduct,"(47.66127, -122.301929)",03/31/2018 03:41:00 AM,2837521,50.62,46.08
24636275,MagnoliaBridge,"(47.633454, -122.387341)",07/16/2017 01:26:00 AM,2410463,70.41,59.52
20748863,AuroraBridge,"(47.643174, -122.347278)",04/05/2017 09:18:00 AM,2234554,51.78,49.86
18036564,HarborAveUpperNorthBridge,"(47.571695, -122.370873)",10/02/2016 05:15:00 AM,991618,51.57,52.18
18175289,AlbroPlaceAirportWay,"(47.547426, -122.314114)",10/12/2016 01:57:00 AM,1293711,51.55,46.42
12741611,HarborAveUpperNorthBridge,"(47.571695, -122.370873)",02/09/2016 09:44:00 AM,652107,43.46,43.68
18364897,HarborAveUpperNorthBridge,"(47.571695, -122.370873)",10/25/2016 02:45:00 PM,1025308,65.08,61.91
9730397,JoseRizalBridgeNorth,"(47.59653, -122.317301)",10/31/2015 05:48:00 PM,1407169,55.38,54.68
12960461,35thAveSW_SWMyrtleSt,"(47.53918, -122.37658)",02/10/2016 07:54:00 PM,548929,47.29,47.29
1342428,35thAveSW_SWMyrtleSt,"(47.53918, -122.37658)",05/05/2014 09:44:00 PM,763762,57.71,57.71
19066454,RooseveltWay_NE80thSt,"(47.692098, -122.31765)",12/15/2016 09:30:00 PM,2138934,35.38,35.38
26102725,RooseveltWay_NE80thSt,"(47.692098, -122.31765)",08/25/2017 05:04:00 AM,2502207,61.64,61.64
1874293,MagnoliaBridge,"(47.633454, -122.387341)",06/18/2014 09:00:00 PM,793076,72.27,62.94
30894290,SpokaneSwingBridge,"(47.571389, -122.351743)",04/04/2018 08:47:00 AM,2735118,46.67,49.64
10630028,HarborAveUpperNorthBridge,"(47.571695, -122.370873)",12/16/2015 08:51:00 AM,572854,39.45,41.17
11716872,AlbroPlaceAirportWay,"(47.547426, -122.314114)",01/12/2016 10:43:00 PM,900457,43.35,47.59
7174096,35thAveSW_SWMyrtleSt,"(47.53918, -122.37658)",06/09/2015 02:17:00 AM,193572,71.75,71.75
4193822,HarborAveUpperNorthBridge,"(47.571695, -122.370873)",12/28/2014 08:32:00 AM,64514,40.58,40.82
19636704,AuroraBridge,"(47.643174, -122.347278)",01/23/2017 08:09:00 AM,2130865,38.77,36.88
22209914,AlaskanWayViaduct_KingSt,"(47.598438, -122.335612)",06/02/2017 02:33:00 AM,1342724,63.08,66.11
25976175,AuroraBridge,"(47.643174, -122.347278)",08/16/2017 02:21:00 PM,2426375,82.5,74.94
23638869,RooseveltWay_NE80thSt,"(47.692098, -122.31765)",06/18/2017 12:59:00 PM,2404763,67.46,67.46
5489180,RooseveltWay_NE80thSt,"(47.692098, -122.31765)",03/10/2015 10:21:00 PM,1208686,55.4,55.4
7936077,RooseveltWay_NE80thSt,"(47.692098, -122.31765)",07/24/2015 07:24:00 AM,1403629,68.63,68.63
24232596,35thAveSW_SWMyrtleSt,"(47.53918, -122.37658)",07/03/2017 06:40:00 AM,1281035,72.14,72.14
471523,AlbroPlaceAirportWay,"(47.547426, -122.314114)",04/24/2014 10:05:00 PM,560234,58.54,49.4
16862964,JoseRizalBridgeNorth,"(47.59653, -122.317301)",07/15/2016 11:20:00 PM,1779022,80.1,66.22
8571693,NE45StViaduct,"(47.66127, -122.301929)",08/26/2015 03:48:00 PM,1473163,96.6,82.8
22197415,JoseRizalBridgeNorth,"(47.59653, -122.317301)",06/01/2017 04:38:00 PM,2240860,91.8,69.36
7318448,35thAveSW_SWMyrtleSt,"(47.53918, -122.37658)",06/19/2015 12:01:00 PM,208556,71.66,71.66
24687038,HarborAveUpperNorthBridge,"(47.571695, -122.370873)",07/18/2017 08:01:00 PM,1408663,88.9,72.26
12245329,JoseRizalBridgeNorth,"(47.59653, -122.317301)",02/01/2016 08:16:00 AM,1540578,38.9,39.46
6616353,SpokaneSwingBridge,"(47.571389, -122.351743)",05/16/2015 03:47:00 PM,1217778,72.84,64.05
21677456,AuroraBridge,"(47.643174, -122.347278)",05/25/2017 11:47:00 AM,2306703,74.66,62.3
2539773,35thAveSW_SWMyrtleSt,"(47.53918, -122.37658)",08/16/2014 08:13:00 PM,911991,80.2,80.2
12972814,AlaskanWayViaduct_KingSt,"(47.598438, -122.335612)",02/10/2016 04:07:00 PM,655278,55.26,51.55
14471979,AlbroPlaceAirportWay,"(47.547426, -122.314114)",02/28/2016 07:10:00 AM,967204,48.62,48.48
12305537,AlbroPlaceAirportWay,"(47.547426, -122.314114)",02/02/2016 08:36:00 AM,929850,38.12,37.61
1250290,NE45StViaduct,"(47.66127, -122.301929)",04/17/2014 06:31:00 PM,759085,54.41,51.19
7910985,AlaskanWayViaduct_KingSt,"(47.598438, -122.335612)",07/23/2015 02:24:00 AM,363515,65.93,70.22
24762312,HarborAveUpperNorthBridge,"(47.571695, -122.370873)",07/22/2017 01:33:00 PM,1414035,99.7,76.67
6827243,35thAveSW_SWMyrtleSt,"(47.53918, -122.37658)",05/22/2015 03:52:00 PM,168467,67.32,67.32
21345014,JoseRizalBridgeNorth,"(47.59653, -122.317301)",05/10/2017 03:27:00 PM,2209109,97.7,72.4
25296420,AlbroPlaceAirportWay,"(47.547426, -122.314114)",08/03/2017 12:39:00 PM,1719147,-459.7,82.0
13528980,HarborAveUpperNorthBridge,"(47.571695, -122.370873)",02/10/2016 08:00:00 PM,654163,51.5,51.53
24869730,SpokaneSwingBridge,"(47.571389, -122.351743)",07/26/2017 09:32:00 AM,2372283,77.39,71.39
7437706,RooseveltWay_NE80thSt,"(47.692098, -122.31765)",06/28/2015 05:31:00 AM,1366076,76.55,76.55
20981371,HarborAveUpperNorthBridge,"(47.571695, -122.370873)",04/19/2017 04:00:00 PM,1278823,60.57,55.47
31433213,NE45StViaduct,"(47.66127, -122.301929)",04/11/2018 01:57:00 AM,2853257,55.62,49.38
17674283,35thAveSW_SWMyrtleSt,"(47.53918, -122.37658)",09/04/2016 08:41:00 AM,846276,66.69,66.69
3279766,RooseveltWay_NE80thSt,"(47.692098, -122.31765)",10/20/2014 11:14:00 PM,1005698,57.52,57.52
30550870,RooseveltWay_NE80thSt,"(47.692098, -122.31765)",03/24/2018 08:06:00 AM,2806229,40.68,40.68
4176187,AlbroPlaceAirportWay,"(47.547426, -122.314114)",12/27/2014 02:56:00 AM,350633,41.54,40.88
9311983,AuroraBridge,"(47.643174, -122.347278)",10/06/2015 05:16:00 PM,1531037,64.92,63.39
16976353,RooseveltWay_NE80thSt,"(47.692098, -122.31765)",07/24/2016 08:17:00 PM,1931441,80.5,80.5
18214343,35thAveSW_SWMyrtleSt,"(47.53918, -122.37658)",10/14/2016 09:31:00 PM,904646,54.49,54.49
1568833,SpokaneSwingBridge,"(47.571389, -122.351743)",05/22/2014 08:53:00 AM,700404,69.29,68.44
3710786,NE45StViaduct,"(47.66127, -122.301929)",11/24/2014 05:03:00 PM,1077298,46.23,49.16
18157482,JoseRizalBridgeNorth,"(47.59653, -122.317301)",10/10/2016 08:15:00 PM,1904117,56.39,52.59
29512389,HarborAveUpperNorthBridge,"(47.571695, -122.370873)",01/29/2018 03:24:00 PM,1689246,50.62,49.7
6615820,35thAveSW_SWMyrtleSt,"(47.53918, -122.37658)",05/16/2015 03:44:00 PM,159819,62.54,62.54
23871571,35thAveSW_SWMyrtleSt,"(47.53918, -122.37658)",06/23/2017 04:48:00 PM,1267243,76.83,76.83
11427832,AlbroPlaceAirportWay,"(47.547426, -122.314114)",01/06/2016 08:47:00 AM,890981,37.32,40.07
6562259,HarborAveUpperNorthBridge,"(47.571695, -122.370873)",05/14/2015 12:46:00 PM,261989,63.31,55.94
15896253,AlbroPlaceAirportWay,"(47.547426, -122.314114)",05/04/2016 03:33:00 AM,1061967,70.76,56.19
23698377,AuroraBridge,"(47.643174, -122.347278)",06/19/2017 05:50:00 PM,2343066,75.5,65.12
30018059,HarborAveUpperNorthBridge,"(47.571695, -122.370873)",02/26/2018 06:07:00 AM,1729009,32.97,33.12
28595891,HarborAveUpperNorthBridge,"(47.571695, -122.370873)",12/13/2017 08:29:00 AM,1621151,37.37,41.84
23663019,AlbroPlaceAirportWay,"(47.547426, -122.314114)",06/19/2017 10:57:00 AM,1654250,72.04,63.16
14390147,SpokaneSwingBridge,"(47.571389, -122.351743)",02/24/2016 12:12:00 AM,1625863,47.77,53.38
16989279,35thAveSW_SWMyrtleSt,"(47.53918, -122.37658)",07/25/2016 04:51:00 PM,787726,77.01,77.01
5839560,AlbroPlaceAirportWay,"(47.547426, -122.314114)",03/30/2015 08:00:00 PM,485514,70.76,60.32
27824110,HarborAveUpperNorthBridge,"(47.571695, -122.370873)",11/10/2017 10:54:00 AM,1573776,45.78,48.02
31124517,SpokaneSwingBridge,"(47.571389, -122.351743)",04/06/2018 10:25:00 AM,2738096,56.08,55.67
9362047,HarborAveUpperNorthBridge,"(47.571695, -122.370873)",10/09/2015 12:13:00 AM,474356,61.43,58.77
12143575,SpokaneSwingBridge,"(47.571389, -122.351743)",01/29/2016 02:37:00 AM,1588568,48.96,54.56
25967620,35thAveSW_SWMyrtleSt,"(47.53918, -122.37658)",08/16/2017 12:32:00 PM,1344747,75.53,75.53
14962807,NE45StViaduct,"(47.66127, -122.301929)",03/10/2016 03:37:00 AM,1756173,48.57,55.13
8803595,SpokaneSwingBridge,"(47.571389, -122.351743)",09/09/2015 07:04:00 PM,1385015,71.24,72.65
30452216,NE45StViaduct,"(47.66127, -122.301929)",03/18/2018 12:32:00 PM,2819332,51.37,47.34
30760984,RooseveltWay_NE80thSt,"(47.692098, -122.31765)",03/31/2018 05:51:00 AM,2816174,47.53,47.53
16590460,NE45StViaduct,"(47.66127, -122.301929)",06/24/2016 11:58:00 AM,1909255,68.61,61.38
22737480,JoseRizalBridgeNorth,"(47.59653, -122.317301)",06/11/2017 02:44:00 AM,2254426,66.71,57.91
30007458,RooseveltWay_NE80thSt,"(47.692098, -122.31765)",02/25/2018 05:51:00 AM,2767274,39.03,39.03
17801923,HarborAveUpperNorthBridge,"(47.571695, -122.370873)",09/13/2016 04:14:00 AM,964197,58.14,55.24
5543769,JoseRizalBridgeNorth,"(47.59653, -122.317301)",03/13/2015 02:19:00 PM,1072880,69.63,60.27
19705579,AlaskanWayViaduct_KingSt,"(47.598438, -122.335612)",01/27/2017 09:31:00 PM,1162482,50.89,47.36
627173,SpokaneSwingBridge,"(47.571389, -122.351743)",05/04/2014 09:25:00 PM,675236,55.58,58.13
26827147,JoseRizalBridgeNorth,"(47.59653, -122.317301)",09/29/2017 11:47:00 AM,2413369,65.58,62.89
24763608,AlaskanWayViaduct_KingSt,"(47.598438, -122.335612)",07/22/2017 03:55:00 PM,1415524,101.0,86.4
4002264,RooseveltWay_NE80thSt,"(47.692098, -122.31765)",12/14/2014 09:06:00 PM,1084830,41.57,41.57
25730408,NE45StViaduct,"(47.66127, -122.301929)",08/10/2017 09:13:00 AM,2502369,77.54,70.61
329560,AlbroPlaceAirportWay,"(47.547426, -122.314114)",04/08/2014 12:26:00 PM,536615,70.02,60.2
27391493,AlaskanWayViaduct_KingSt,"(47.598438, -122.335612)",10/18/2017 12:13:00 PM,1542022,54.09,54.36
16799616,SpokaneSwingBridge,"(47.571389, -122.351743)",07/10/2016 02:26:00 PM,1823937,90.5,73.3
20832423,MagnoliaBridge,"(47.633454, -122.387341)",04/10/2017 10:31:00 AM,2271329,53.0,46.6
5702696,NE45StViaduct,"(47.66127, -122.301929)",03/23/2015 07:56:00 AM,1248051,44.83,45.63
8655623,35thAveSW_SWMyrtleSt,"(47.53918, -122.37658)",09/01/2015 05:01:00 AM,314696,65.51,65.51
15567979,AlbroPlaceAirportWay,"(47.547426, -122.314114)",04/14/2016 12:11:00 AM,1032965,58.15,52.5
5925798,SpokaneSwingBridge,"(47.571389, -122.351743)",04/05/2015 09:37:00 AM,1158368,49.4,47.99
26267655,JoseRizalBridgeNorth,"(47.59653, -122.317301)",09/05/2017 10:32:00 AM,2378734,81.0,76.35
4203099,HarborAveUpperNorthBridge,"(47.571695, -122.370873)",12/29/2014 12:30:00 AM,65472,39.37,39.78
24546268,MagnoliaBridge,"(47.633454, -122.387341)",07/12/2017 09:03:00 AM,2405160,73.28,57.98
17838625,RooseveltWay_NE80thSt,"(47.692098, -122.31765)",09/18/2016 01:21:00 AM,2010945,61.23,61.23
22680702,MagnoliaBridge,"(47.633454, -122.387341)",06/10/2017 05:56:00 AM,2358894,53.73,50.5
8143469,JoseRizalBridgeNorth,"(47.59653, -122.317301)",08/05/2015 02:54:00 PM,1281715,90.8,72.05
28894817,AlaskanWayViaduct_KingSt,"(47.598438, -122.335612)",12/30/2017 08:38:00 PM,1647706,44.0,44.56
1721116,NE45StViaduct,"(47.66127, -122.301929)",06/04/2014 04:22:00 PM,828076,89.7,65.37
5636488,RooseveltWay_NE80thSt,"(47.692098, -122.31765)",03/19/2015 05:29:00 AM,1220634,50.94,50.94
3340648,SpokaneSwingBridge,"(47.571389, -122.351743)",10/26/2014 10:16:00 AM,926567,52.33,51.97
28912214,HarborAveUpperNorthBridge,"(47.571695, -122.370873)",01/01/2018 08:28:00 AM,1648510,30.04,32.39
28017617,SpokaneSwingBridge,"(47.571389, -122.351743)",11/21/2017 05:34:00 PM,2542745,49.0,50.81
23656242,NE45StViaduct,"(47.66127, -122.301929)",06/19/2017 08:52:00 AM,2427469,62.46,59.86
23888966,MagnoliaBridge,"(47.633454, -122.387341)",06/23/2017 04:30:00 PM,2378248,96.9,73.52
11536040,NE45StViaduct,"(47.66127, -122.301929)",01/07/2016 04:38:00 PM,1666234,43.62,43.2
30793349,NE45StViaduct,"(47.66127, -122.301929)",04/01/2018 03:14:00 PM,2839654,48.88,41.82
23900292,RooseveltWay_NE80thSt,"(47.692098, -122.31765)",06/23/2017 10:47:00 PM,2412551,73.98,73.98
31084124,RooseveltWay_NE80thSt,"(47.692098, -122.31765)",04/06/2018 06:19:00 AM,2824842,49.87,49.87
7353832,AuroraBridge,"(47.643174, -122.347278)",06/20/2015 11:40:00 PM,1375904,72.01,60.98
27519765,35thAveSW_SWMyrtleSt,"(47.53918, -122.37658)",10/24/2017 03:26:00 AM,1443561,53.81,53.81
20439733,AlaskanWayViaduct_KingSt,"(47.598438, -122.335612)",03/15/2017 12:15:00 PM,1229546,53.47,50.56
26491554,JoseRizalBridgeNorth,"(47.59653, -122.317301)",09/11/2017 09:09:00 PM,2388011,77.54,69.87
17446321,AlaskanWayViaduct_KingSt,"(47.598438, -122.335612)",08/20/2016 04:46:00 PM,931737,101.1,81.1
5610663,MagnoliaBridge,"(47.633454, -122.387341)",03/17/2015 05:17:00 PM,1184534,56.32,52.33
19319161,NE45StViaduct,"(47.66127, -122.301929)",01/01/2017 01:37:00 PM,2184454,38.63,38.56
27856592,AuroraBridge,"(47.643174, -122.347278)",11/12/2017 11:31:00 PM,2553705,49.84,48.75
30472926,AlaskanWayViaduct_KingSt,"(47.598438, -122.335612)",03/20/2018 01:14:00 AM,1761682,46.16,48.92
19167771,AlbroPlaceAirportWay,"(47.547426, -122.314114)",12/22/2016 10:29:00 AM,1396523,38.65,40.84
30998069,SpokaneSwingBridge,"(47.571389, -122.351743)",04/05/2018 05:19:00 AM,2736350,47.24,51.49
13792852,AlbroPlaceAirportWay,"(47.547426, -122.314114)",02/12/2016 08:54:00 AM,944268,51.97,53.08
28108735,AuroraBridge,"(47.643174, -122.347278)",11/28/2017 04:38:00 AM,2575612,45.99,46.81
21290143,AuroraBridge,"(47.643174, -122.347278)",05/06/2017 09:25:00 PM,2279921,60.76,50.21
6503682,AlaskanWayViaduct_KingSt,"(47.598438, -122.335612)",05/12/2015 11:09:00 AM,260360,62.93,59.14
9909092,JoseRizalBridgeNorth,"(47.59653, -122.317301)",11/11/2015 05:13:00 AM,1422315,46.94,45.94
4821635,MagnoliaBridge,"(47.633454, -122.387341)",02/01/2015 03:49:00 PM,1121146,47.54,47.78
16040617,35thAveSW_SWMyrtleSt,"(47.53918, -122.37658)",05/15/2016 01:49:00 AM,684584,64.08,64.08
11420927,SpokaneSwingBridge,"(47.571389, -122.351743)",01/06/2016 06:26:00 AM,1555677,40.71,46.33
21984062,HarborAveUpperNorthBridge,"(47.571695, -122.370873)",05/30/2017 09:25:00 PM,1338188,61.36,55.89
8263890,AlbroPlaceAirportWay,"(47.547426, -122.314114)",08/12/2015 09:18:00 AM,679272,79.6,69.91
16310174,AuroraBridge,"(47.643174, -122.347278)",06/02/2016 03:27:00 PM,1874297,78.59,69.66
1702660,RooseveltWay_NE80thSt,"(47.692098, -122.31765)",06/03/2014 01:50:00 AM,804254,67.0,67.0
31471517,RooseveltWay_NE80thSt,"(47.692098, -122.31765)",04/11/2018 12:46:00 PM,2832429,53.19,53.19
6613227,AlaskanWayViaduct_KingSt,"(47.598438, -122.335612)",05/16/2015 02:21:00 PM,266312,68.33,62.02
26371486,SpokaneSwingBridge,"(47.571389, -122.351743)",09/10/2017 07:20:00 PM,2439111,67.63,69.93
18568,AlaskanWayViaduct_KingSt,"(47.598438, -122.335612)",03/14/2014 04:49:00 PM,707068,66.46,55.44
7831536,HarborAveUpperNorthBridge,"(47.571695, -122.370873)",07/19/2015 05:41:00 AM,356604,73.89,66.69
12623850,MagnoliaBridge,"(47.633454, -122.387341)",02/09/2016 06:55:00 AM,1657733,42.77,43.1
8291787,AlbroPlaceAirportWay,"(47.547426, -122.314114)",08/14/2015 12:45:00 AM,681639,80.4,66.22
583639,RooseveltWay_NE80thSt,"(47.692098, -122.31765)",04/28/2014 07:11:00 PM,753455,64.2,64.2
10661007,JoseRizalBridgeNorth,"(47.59653, -122.317301)",12/17/2015 10:03:00 PM,1475165,40.44,40.21
2713669,SpokaneSwingBridge,"(47.571389, -122.351743)",09/01/2014 04:13:00 AM,847004,63.75,67.45
25384368,SpokaneSwingBridge,"(47.571389, -122.351743)",08/04/2017 08:41:00 AM,2385192,78.71,79.88
16342543,AlbroPlaceAirportWay,"(47.547426, -122.314114)",06/05/2016 02:32:00 AM,1107986,79.23,70.16
13391009,HarborAveUpperNorthBridge,"(47.571695, -122.370873)",02/11/2016 01:25:00 AM,654488,47.19,47.08
18061759,NE45StViaduct,"(47.66127, -122.301929)",10/03/2016 09:54:00 PM,2055291,60.05,54.76
12413734,AlbroPlaceAirportWay,"(47.547426, -122.314114)",02/05/2016 03:52:00 AM,933886,43.59,44.15
19939310,35thAveSW_SWMyrtleSt,"(47.53918, -122.37658)",02/11/2017 07:30:00 AM,1076665,39.14,39.14
28358071,35thAveSW_SWMyrtleSt,"(47.53918, -122.37658)",12/08/2017 05:11:00 AM,1508526,40.0,40.0
4251359,35thAveSW_SWMyrtleSt,"(47.53918, -122.37658)",01/01/2015 09:03:00 AM,1110094,37.0,37.0
2690502,35thAveSW_SWMyrtleSt,"(47.53918, -122.37658)",08/30/2014 02:46:00 AM,931104,68.47,68.47
24861734,JoseRizalBridgeNorth,"(47.59653, -122.317301)",07/26/2017 10:41:00 AM,2319703,83.8,63.06
8383326,JoseRizalBridgeNorth,"(47.59653, -122.317301)",08/18/2015 11:44:00 AM,1300245,88.4,75.59
12502383,AlaskanWayViaduct_KingSt,"(47.598438, -122.335612)",02/07/2016 09:29:00 PM,651280,46.71,46.33
29482500,AlaskanWayViaduct_KingSt,"(47.598438, -122.335612)",01/27/2018 11:40:00 AM,1687488,47.04,44.86
1924260,35thAveSW_SWMyrtleSt,"(47.53918, -122.37658)",06/23/2014 04:37:00 AM,833295,64.82,64.82
12214257,RooseveltWay_NE80thSt,"(47.692098, -122.31765)",01/31/2016 12:56:00 AM,1678340,42.95,42.95
19258957,NE45StViaduct,"(47.66127, -122.301929)",12/28/2016 12:08:00 PM,2178605,46.28,45.49
27820113,MagnoliaBridge,"(47.633454, -122.387341)",11/10/2017 09:49:00 AM,2579506,46.26,48.89
30769870,SpokaneSwingBridge,"(47.571389, -122.351743)",03/31/2018 02:17:00 PM,2729688,57.89,55.67
20805900,NE45StViaduct,"(47.66127, -122.301929)",04/09/2017 05:34:00 AM,2325031,41.81,40.64
28697649,AlbroPlaceAirportWay,"(47.547426, -122.314114)",12/20/2017 06:53:00 AM,1919021,-39.21,40.47
25970683,MagnoliaBridge,"(47.633454, -122.387341)",08/16/2017 12:39:00 PM,2455776,83.7,68.35
14241372,HarborAveUpperNorthBridge,"(47.571695, -122.370873)",02/16/2016 05:58:00 PM,662681,57.9,52.7
30332717,35thAveSW_SWMyrtleSt,"(47.53918, -122.37658)",03/14/2018 05:46:00 AM,1646741,48.65,48.65
24055089,AuroraBridge,"(47.643174, -122.347278)",06/29/2017 10:03:00 AM,2356999,70.35,64.05
16093922,SpokaneSwingBridge,"(47.571389, -122.351743)",05/19/2016 12:39:00 AM,1748230,62.57,67.52
12006692,HarborAveUpperNorthBridge,"(47.571695, -122.370873)",01/22/2016 03:48:00 AM,625831,48.37,48.95
26133990,AlaskanWayViaduct_KingSt,"(47.598438, -122.335612)",08/27/2017 12:43:00 PM,1467172,86.9,68.49
14138575,JoseRizalBridgeNorth,"(47.59653, -122.317301)",02/12/2016 06:10:00 PM,1557012,55.55,54.16
19016654,RooseveltWay_NE80thSt,"(47.692098, -122.31765)",12/12/2016 12:53:00 PM,2134097,41.2,41.2
19186184,JoseRizalBridgeNorth,"(47.59653, -122.317301)",12/23/2016 03:13:00 PM,2010435,38.55,36.77
10844297,SpokaneSwingBridge,"(47.571389, -122.351743)",12/26/2015 11:44:00 PM,1540875,39.23,40.7
11941616,35thAveSW_SWMyrtleSt,"(47.53918, -122.37658)",01/19/2016 03:08:00 PM,516963,43.57,43.57
13041384,RooseveltWay_NE80thSt,"(47.692098, -122.31765)",02/10/2016 06:41:00 PM,1693805,49.95,49.95
30459083,35thAveSW_SWMyrtleSt,"(47.53918, -122.37658)",03/19/2018 05:44:00 AM,1653939,47.86,47.86
15394404,AuroraBridge,"(47.643174, -122.347278)",04/02/2016 06:22:00 PM,1788865,63.81,55.46
23825624,35thAveSW_SWMyrtleSt,"(47.53918, -122.37658)",06/22/2017 03:34:00 PM,1265729,72.86,72.86
24236325,AuroraBridge,"(47.643174, -122.347278)",07/03/2017 11:34:00 AM,2362850,67.99,60.73
28711817,SpokaneSwingBridge,"(47.571389, -122.351743)",12/21/2017 04:12:00 AM,2585143,33.32,41.3
